image,text
data/raw/img\000.jpg,"BOOK TA .K (TAMAN DAYA) SDN BHD
NO.53 55,57 & 59, JALAN SAGU 18, TAMAN DAYA, 81100 JOHOR BAHRU, JOHOR.
25/12/2018
Total: 9.00"
data/raw/img\001.jpg,"INDAH GIFT & HOME DECO
27, JALAN DEDAP 13, TAMAN JOHOR JAYA, 81100 JOHOR BAHRU, JOHOR.
19/10/2018
Total: 60.30"
data/raw/img\002.jpg,"MR D.I.Y. (JOHOR) SDN BHD
LOT 1851-A & 1851-B, JALAN KPB 6, KAWASAN PERINDUSTRIAN BALAKONG, 43300 SERI KEMBANGAN, SELANGOR (MR DIY TESCO TERBAU)
12-01-19
Total: 33.90"
data/raw/img\003.jpg,"YONGFATT ENTERPRISE
NO 122.124. JALAN DEDAP 13 81100 JOHOR BAHRU
25/12/2018
Total: 80.90"
data/raw/img\004.jpg,"MR D.I.Y. (M) SDN BHD
LOT 1851-A & 1851-B, JALAN KPB 6, KAWASAN PERINDUSTRIAN BALAKONG, 43300 SERI KEMBANGAN, SELANGOR (TESCO PUTRA NILAI)
18-11-18
Total: 30.90"
data/raw/img\005.jpg,"ABC HO TRADING
NO.2&4, JALAN HARMONI 3/2, TAMAN DESA HARMONI. 81100 JOHOR BAHRU JOHOR
09/01/2019
Total: 31.00"
data/raw/img\006.jpg,"SOON HUAT MACHINERY ENTERPRISE
NO.53 JALAN PUTRA 1, TAMAN SRI PUTRA, 81200 JOHOR BAHRU JOHOR
11/01/2019
Total: 327.00"
data/raw/img\007.jpg,"S.H.H. MOTOR (SUNGAI RENGIT) SDN. BHD.
NO. 343, JALAN KURAU, SUNGAI RENGIT, 81620 PENGERANG, JOHOR.
23-01-2019
Total: 20.00"
data/raw/img\008.jpg,"PERNIAGAAN ZHENG HUI
NO.59 JALAN PERMAS 9/5 BANDAR BARU PERMAS JAYA 81760 JOHOR BAHRU
12/02/2018
Total: 112.45"
data/raw/img\009.jpg,"GERBANG ALAF RESTAURANTS SDN BHD
LEVEL 6, BANGUNAN TH, DAMANSARA UPTOWN3 NO.3, JALAN SS21/39,47400 PETALING JAYA SELANGOR
18/01/2018
Total: 26.60"
data/raw/img\010.jpg,"SAM SAM TRADING CO
67,JLN MEWAH 25/63 TMN SRI MUDA, 40400 SHAH ALAM.
29-12-2017
Total: 14.10"
data/raw/img\011.jpg,"AIK HUAT HARDWARE ENTERPRISE (SETIA ALAM) SDN BHD
NO. 17-G, JALAN SETIA INDAH (X) U13/X, SETIA ALAM, SEKSYEN U13, 40170 SHAH ALAM,
15/06/2017
Total: 15.00"
data/raw/img\012.jpg,"HOME MASTER HARDWARE & ELECTRICAL
NO.113G & 115G, JALAN SETIA GEMBILANG U13/BG BANDAR SETIA ALAM, 40170 BANDAR SETIA ALAM, SELANGOR.
22/12/2017
Total: 15.90"
data/raw/img\013.jpg,"RESTORAN HASSANBISTRO
NO.2-1-1 JALAN SEITA PRIMA Q U 13/Q SEITA ALAM 40170 SHAN ALAM SELANGOR
12/28/2017
Total: 15.00"
data/raw/img\014.jpg,"ASIA MART
NO.23 BATU 10, TAMAN SENTOSA, JALAN KAPAR, 42200 KLANG, SELANGOR.
22/12/2017
Total: 32.70"
data/raw/img\015.jpg,"HOME MASTER HARDWARE & ELECTRICAL
NO.113G & 115G, JALAN SETIA GEMBILANG U13/BG BANDAR SETIA ALAM, 40170 BANDAR SETIA ALAM, SELANGOR.
22/12/2017
Total: 15.90"
data/raw/img\016.jpg,"LIGHTROOM GALLERY SDN BHD
NO: 28, JALAN ASTANA 1C, BANDAR BUKIT RAJA, 41050 KLANG SELANGOR D.E, MALAYSIA
20/12/2017
Total: 73.00"
data/raw/img\017.jpg,"LIGHTROOM GALLERY SDN BHD
NO: 28, JALAN ASTANA 1C, BANDAR BUKIT RAJA, 41050 KLANG SELANGOR D.E, MALAYSIA
20/11/2017
Total: 39.80"
data/raw/img\018.jpg,"LIGHTROOM GALLERY SDN BHD
NO: 28,JALAN ASTANA 1C, BANDAR BUKIT RAJA, 41050 KLANG SELANGOR D.E, MALAYSIA
20/12/2017
Total: 73.00"
data/raw/img\019.jpg,"SHELL ISNI PETRO TRADING
LOT 2685 JLN GENTING KLANG 53300 KL SITE 1066
18/03/18
Total: 86.00"
data/raw/img\020.jpg,"SYL ROASTED DELIGHTS SDN. BHD.
75. JALAN SS 22/19, DAMANSARA JAYA, 47400 PJ
06/03/2018
Total: 54.50"
data/raw/img\021.jpg,"TEO HENG STATIONERY & BOOKS
NO. 53, JALAN BESAR, 45600 BATANG BERJUNTAI SELANGOR DARUL EHSAN
18/01/2018
Total: 4.90"
data/raw/img\022.jpg,"FUYI MINI MARKET
NO 43-45-47G, TAMAN SEJATI, IJOK, 45600 BESTARI JAYA, KUALA SELANGOR.
25/01/2018
Total: 9.00"
data/raw/img\023.jpg,"TEO HENG STATIONERY & BOOKS
NO.53, JALAN BESAR, 45600 BATANG BERJUNTAI SELANGOR DARUL EHSAN
17/01/2018
Total: 27.55"
data/raw/img\024.jpg,"TEO HENG STATIONERY & BOOKS
NO.53, JALAN BESAR, 45600 BATANG BEJUNTAL SELANGOR DARUL EHSAN
15/01/2018
Total: 55.10"
data/raw/img\025.jpg,"TEO HENG STATIONERY & BOOKS
NO.53,JALAN BESAR,45600 BATANG BERJUNTAI SELANGOR DARUL EHSAN
23/01/2018
Total: 18.00"
data/raw/img\026.jpg,"TED HENG STATIONERY & BOOKS
NO. 53, JALAN BESAR, 45600 BATANG BERJUNTAI SELANGOR DARUL EHSAN
12/02/2018
Total: 153.35"
data/raw/img\027.jpg,"MR. D.I.Y. (M) SDN BHD
LOT 1851-A & 1851-B, JALAN KPB 6, KAWASAN PERINDUSTRIAN BALAKONG, 43300 SERI KEMBANGAN, SELANGOR
14-03-18
Total: 37.10"
data/raw/img\028.jpg,"99 SPEED MART S/B
LOT P.T. 2811, JALAN ANGSA, TAMAN BERKELEY 41150 KLANG, SELANGOR 1076-IJOK
24-01-18
Total: 2.50"
data/raw/img\029.jpg,"C W KHOO HARDWARE SDN BHD
NO.50,JALAN PBS 14/11, KAWASAN PERINDUSTRIAN BUKIT SERDANG,
01-03-18
Total: 21.20"
data/raw/img\030.jpg,"UNIHAKKA INTERNATIONAL SDN BHD
12, JALAN TAMPOI 7/4,KAWASAN PERINDUSTRIAN TAMPOI,81200 JOHOR BAHRU,JOHOR
05 MAR 2018
Total: $8.20"
data/raw/img\031.jpg,"AEON CO. (M) BHD
3RD FLR, AEON TAMAN MALURI SD JLN JEJAKA, TAMAN MALURI CHERAS, 55100 KUALA LUMPUR
06/03/2018
Total: 75.00"
data/raw/img\032.jpg,"UNIHAKKA INTERNATIONAL SDN BHD
12, JALAN TAMPOI 7/4,KAWASAN PERINDUSTRIAN TAMPOI 81200 JOHOR BAHRU,JOHOR
03 MAR 2018
Total: $8.20"
data/raw/img\033.jpg,"UNIHAKKA INTERNATIONAL SDN BHD
12, JALAN TAMPOI 7/4,KAWASAN PERINDUSTRIAN TAMPOI,81200 JOHOR BAHRU,JOHOR
10 MAR 2018
Total: "
data/raw/img\034.jpg,"PERNIAGAAN ZHENG HUI
NO.59 JALAN PERMAS 9/5 BANDAR BARU PERMAS JAYA 81750 JOHOR BAHRU
09/03/2018
Total: 332.30"
data/raw/img\035.jpg,"UNIHAKKA INTERNATIONAL SDN BHD
12, JALAN TAMPOI 7/4,KAWASAN PERINDUSTRIAN TAMPOI,81200 JOHOR BAHRU,JOHOR
12 MAR 2018
Total: $8.20"
data/raw/img\036.jpg,"UNIHAKKA INTERNATIONAL SDN BHD
12, JALAN TAMPOI 7/4,KAWASAN PERINDUSTRIAN TAMPOI,81200 JOHOR BAHRU,JOHOR
14 MAR 2018
Total: $8.20"
data/raw/img\037.jpg,"WARAKUYA PERMAS CITY SDN BHD
JALAN PERMAS UTARA 1 PERMAS JAYA 81750 MASAI JOHOR
10/03/2018
Total: 57.80"
data/raw/img\038.jpg,"YHM AEON TEBRAU CITY
S117, SECOND FLOOR, AEON TEBRAU CITY, 1, JALAN DESA TEBRAU, TAMAN DESA TEBRAU, 81100 JOHOR BAHRU, JOHOR.
11/03/2018
Total: 13.10"
data/raw/img\039.jpg,"OWNER BY CASTLE BLUE S/B
AVTIVO PLAZA,LOT B-F-11, BLOCK B NO1.JALAN PJU 9/1,D'SARA AVEVUE BANDAR SRI D'SARA, 52000 KL
30/03/2018
Total: 189.75"
data/raw/img\040.jpg,"THREE STOOGES
109, SS21/1A, DAMANSARA UTAMA
12/03/2018
Total: 343.95"
data/raw/img\041.jpg,"THREE STOOGES
109, SS21/1A, DAMANSARA UTAMA
03/03/2018
Total: 174.90"
data/raw/img\042.jpg,"TASTE OF THE WORLD SDN BHD
LOT 38, 39 101 BOULEVARD, JALAN KENARI 5, BANDAR PUCHONG JAYA, 47170 PUCHONG, SELANGOR
5/3/2018
Total: 64.15"
data/raw/img\043.jpg,"32 PUB & BISTRO OWN BY CNU TRADING
78G, JALAN SS21/62, DAMANSARA UTAMA, 47400 PETALING JAYA.
10-03-2018
Total: 190.00"
data/raw/img\044.jpg,"UNIHAKKA INTERNATIONAL SDN BHD
12, JALAN TAMPOI 7/4,KAWASAN PARINDUSTRIAN TAMPOI,81200 JOHOR BAHRU,JOHOR
18 MAR 2018
Total: $8.60"
data/raw/img\045.jpg,"UNIHAKKA INTERNATIONAL SDN BHD
12, JALAN TAMPOI 7/4,KAWASAN PARINDUSTRIAN TAMPOI,81200 JOHOR BAHRU,JOHOR
27 MAR 2018
Total: $6.90"
data/raw/img\046.jpg,"PASAR MINI JIN SENG
379, JALAN PERMAS SATU, BANDAR BARU PERMAS JAYA 81750 PLENTONG, JOHOR.
18/03/18
Total: 28.60"
data/raw/img\047.jpg,"RESTAURANT SIN DU
K3-113, JL IBRAHIM SULTAN 80300 JOHOR BAHRU JOHOR
09/03/2018
Total: 170.00"
data/raw/img\048.jpg,"YONG TAT HARDWARE TRADING
NO 4,JALAN PERJIRANAN 10, TAMAN AIR BIRU, 81700 PASIR GUDANG, JOHOR.
13/03/2018
Total: 100.90"
data/raw/img\049.jpg,"PERNIAGAAN ZHENG HUI
NO.59 JALAN PERMAS 9/5 BANDAR BARU PERMAS JAYA 81750 JOHOR BAHRU
15/03/2018
Total: 8.00"
data/raw/img\050.jpg,"TIMELESS KITCHENETTE SDN BHD
LOT 50, FLOOR T2,SKY AVENUE GENTING HIGHLANDS PAHANG, 69000 PAHANG MALAYSIA
2018-03-23
Total: 593.10"
data/raw/img\051.jpg,"UNIHAKKA INTERNATIONAL SDN BHD
12, JALAN TAMPOI 7/4,KAWASAN PERINDUSTRIAN TAMPOI,81200 JOHOR BAHRU,JOHOR
22 MAR 2018
Total: $7.60"
data/raw/img\052.jpg,"PAGOH REST AND SERVICE AREA
LOT R1, KWS REHAT & RAWAT PAGOH ARAH UTARA, SIMPANG AMPAT PAGOH, LEBUHRAYA UTARA SELATAN, 84600,PAGOH,JOHOR
23/03/2018
Total: 10.00"
data/raw/img\053.jpg,"UNIHAKKA INTERNATIONAL SDN BHD
12, JALAN TAMPOI 7/4,KAWASAN PERINDUSTRIAN TAMPOI,81200 JOHOR BAHRU,JOHOR
24 MAR 2018
Total: $9.20"
data/raw/img\054.jpg,"CARREFOUR RESTAURANT
18,JALAN PERMAS 10/7 BANDAR BARU PERMAS JAYA, MASAI,JOHOR
20/03/2018
Total: 13.80"
data/raw/img\055.jpg,"UNIHAKKA INTERNATIONAL SDN BHD
12, JALAN TAMPOI 7/4,KAWASAN PERINDUSTRIAN TAMPOI,81200 JOHOR BAHRU,JOHOR
19 MAR 2018
Total: $8.20"
data/raw/img\056.jpg,"UNIHAKKA INTERNATIONAL SDN BHD
12, JALAN TAMPOI 7/4,KAWASAN PERINDUSTRIAN TAMPOI,81200 JOHOR BAHRU,JOHOR
21 MAR 2018
Total: $8.70"
data/raw/img\057.jpg,"UNIHAKKA INTERNATIONAL SDN BHD
12 JALAN TAMPOI 7/4,KAWASAN PERINDUSTRIAN TAMPOI,81200 JOHOR BAHRU,JOHOR
29 MAR 2018
Total: $7.10"
data/raw/img\058.jpg,"UNIHAKKA INTERNATIONAL SDN BHD
12, JALAN TAMPOI 7/4,KAWASAN PERINDUSTRIAN TAMPOI,81200 JOHOR BAHRU,JOHOR
30 MAR 2018
Total: $8.20"
data/raw/img\059.jpg,"TRIPLE SIX POINT ENTERPRISE 666
NO 14 & 16 JALAN PERMAS 4/3 BANDAR BARU PERMAS JAY
25-03-2018
Total: 7.60"
data/raw/img\060.jpg,"BENS INDEPENDENT GROCER SDN. BHD
LOT 6, JALAN BATAI, PLAZA BATAI, DAMANSARA HEIGHTS 50490, KUALA LUMPUR
12/03/18
Total: 77.20"
data/raw/img\061.jpg,"NANDO'S CHICKENLAND MALAYSIA SDN BHD
UNIT G-13, GROUND FLOOR, NO.1 JLN KIARA, MONT KIARA 50480 KUALA LUMPUR
28 MAR 18
Total: 129.30"
data/raw/img\062.jpg,"99 SPEED MART S/B
LOT P.T. 2811, JALAN ANGSA, TAMAN BERKELEY 41150 KLANG, SELANGOR 1245-DESA SRI HARTAMAS
19-03-18
Total: 11.40"
data/raw/img\063.jpg,"PETRODELI ENTERPRISE
LOT 485, TMN LEMBAH KERAMAT JLN ULU KELANG,  54200 KUALA LUMPUR
26/02/18
Total: 85.54"
data/raw/img\064.jpg,"SUN WONG KUT SDN BHD
176 JLN SUNGEI BESI 57100 KUALA LUMPUR.
21/02/18
Total: 88.17"
data/raw/img\065.jpg,"RESTAURANT JIAWEI JIAWEI HOUSE
13, JLN TASIK UTAMA 8 MEDAN NIAGA DAMAI SG BESI 57000 KL
9/3/2018
Total: 65.20"
data/raw/img\066.jpg,"PASARAYA BORONG PINTAR SDN BHD
NO 19-G& 19-1& 19-2 JALAN TASIK UTAMA 4, MEDAN NIAGA TASIK DAMAI
14/03/2018
Total: 8.20"
data/raw/img\067.jpg,"LIAN CHI PU TIAN VEGETARIAN RESTAURANT SDN BHD
54,JALAN SS23/11 TAMAN SEA,47400 PETALING JAYA,SELANGOR
06/01/18
Total: 53.55"
data/raw/img\068.jpg,"PASARAYA BORONG PINTAR SDN BHD
NO 19-G& 19-1& 19-2 JALAN TASIK UTAMA 4, MEDAN NIAGA TASIK DAMAI
20180304
Total: 3.20"
data/raw/img\069.jpg,"99 SPEED MART S/B
LOT P.T. 2811, JALAN ANGSA, TAMAN BERKELEY 41150 KLANG, SELANGOR 1249-TMN PANDAN CAHAYA
20-02-18
Total: 9.90"
data/raw/img\070.jpg,"99 SPEED MART S/B
LOT P.T. 2811, JALAN ANGSA, TAMAN BERKELEY 41150 KLANG, SELANGOR 1317 TRILLIUM S6 BESI
05-02-18
Total: 141.50"
data/raw/img\071.jpg,"AEON CO. (M) BHD
3RD FLR, AEON TAMAN MALURI SC JLN JEJAKA, TAMAN MALURI CHERAS, 55100 KUALA LUMPUR
19/02/2018
Total: 17.70"
data/raw/img\072.jpg,"POPULAR BOOK CO. (M) SDN BHD
NO 8, JALAN 7/118B, DESA TUN RAZAK 56000 KUALA LUMPUR, MALAYSIA
01/03/18
Total: 49.40"
data/raw/img\073.jpg,"LIAN HING STATIONERY SDN BHD
NO.32 & 33, JALAN SR 1/9, SEKSYEN 9, TAMAN SERDANG RAYA, 43300 SERI KEMBANGAN, SELANGOR DARUL EHSAN
27/03/2018
Total: 79.50"
data/raw/img\074.jpg,"GL HANDICRAFT & TAIL ORING
19, JALAN KANCIL, OFF JALAN PUDU, 55100 KUALA LUMPUR MALAYSIA
20/03/2018
Total: 102.00"
data/raw/img\075.jpg,"LIAN HING STATIONERY SDN BHD
NO.32 & 33, JALAN SR 1/9, SEKSYEN 9, TAMAN SERDANG RAYA, 43300 SERI KEMBANGAN, SELANGOR DARUL EHSAN
30/03/2018
Total: 159.00"
data/raw/img\076.jpg,"LIAN HING STATIONERY SDN BHD
NO.32 & 33, JALAN SR 1/9, SEKSYEN 9, TAMAN SERDANG RAYA, 43300 SERI KEMBANGAN, SELANGOR DARUL EHSAN
27/03/2018
Total: 12.00"
data/raw/img\077.jpg,"BANH MI CAFE SDN BHD
NO,1 JALAN PUTERI 7/10 BANDAR PUTERI, 47100 PUCHONG SELANGOR, MALAYSIA
29-10-2017
Total: 23.25"
data/raw/img\078.jpg,"THAI DELICIOUS RESTAURANT
NO.22 JALAN PUTERI 2/4 BANDAR PUTERI 47100 PUCHONG, SELANGOR
02/02/2017
Total: 92.80"
data/raw/img\079.jpg,"MR.D.I.Y(M)SDN BHD
LOT 1851-A & 1851-B, JALAN KPB 6, KAWASAN PERINDUSTRIAN BALAKONG, 43300 SERI KEMBANGAN, SELANGOR
19-09-17
Total: 15.90"
data/raw/img\080.jpg,"HON HWA HARDWARE TRADING
NO 37, JALAN MANIS 7, TAMAN SEGAR, 56100 CHERAS, KUALA LUMPUR.
21/09/2017
Total: 10.40"
data/raw/img\081.jpg,"MR. D.I.Y. SDN BHD
LOT 1851-A & 1851-B, JALAN KPB 6, KAWASAN PERINDUSTRIAN BALAKONG, 43300 SERI KEMBANGAN, SELANGOR
24-11-17
Total: RM 3.90"
data/raw/img\082.jpg,"HON HWA HARDWARE TRADING
NO 37, JALAN MANIS 7, TAMAN SEGAR, 56100 CHERAS, KUALA LUMPUR.
08/02/2017
Total: 277.00"
data/raw/img\083.jpg,"VIVOPAC MARKETING SDN BHD
14 JALAN MANIS 4 TAMAN SEGAR 56100 KL
30/05/2017
Total: 18.80"
data/raw/img\084.jpg,"MR. D.I.Y. SDN BHD
LOT 1851-A & 1851-B, JALAN KPB 6, KAWASAN PERINDUSTRIAN BALAKONG, 43300 SERI KEMBANGAN, SELANGOR
18-10-17
Total: 5.90"
data/raw/img\085.jpg,"MR. D.I.Y. SDN BHD
LOT 1851-A & 1851-B, JALAN KPB 6, KAWASAN PERINDUSTRIAN BALAKONG, 43300 SERI KEMBANGAN, SELANGOR
28-12-17
Total: 9.90"
data/raw/img\086.jpg,"MR. D.I.Y. (KUCHAI) SDN BHD
LOT 1851-A & 1851-B, JALAN KPB 6, KAWASAN PERINDUSTRIAN BALAKONG, 43300 SERI KEMBANGAN, SELANGOR
08-03-17
Total: 37.80"
data/raw/img\087.jpg,"IKANO HANDEL SDN BHD
NO 2A JALAN COCHRANE TAMAN MALURI 55100 KUALA LUMPUR
27/07/17
Total: 538.00"
data/raw/img\088.jpg,"IKANO HANDEL SDN BHD
NO 2A JALAN COCHRANE TAMAN MALURI 55100 KUALA LUMPUR
09/08/17
Total: 99.80"
data/raw/img\089.jpg,"FY EAGLE ENTERPRISE
NO. 42, JALAN PBS 14/11, TAMAN PERINDUSTRIAN BUKIT SERDANG, 43300 SERI KEMBANGAN, SELANGOR
04/12/2017
Total: 7.00"
data/raw/img\090.jpg,"TRI SHAAS SDN BHD
4-20, JALAN RIA 25/62 TAMAN SRI MUDA SEKSYEN 25, 40400 SHAH ALAM SELANGOR
13/03/2017
Total: 5.00"
data/raw/img\091.jpg,"TRI SHAAS SDN BHD
4-20, JALAN RIA 25/62 TAMAN SRI MUDA SEKSYEN 25, 40400 SHAH ALAM SELANGOR
4/02/2017
Total: 85.10"
data/raw/img\092.jpg,"ADVANCO COMPANY
NO 1&3, JALAN WANGSA DELIMA 12, WANGSA LINK, WANGSA MAJU, 53300 KUALA LUMPUR
23/03/2018
Total: 83.00"
data/raw/img\093.jpg,"AEON CO. (M) BHD.
3 FLOOR, AEON TAMAN MALURI SC JLN JEJAKA, TAMAN MALURI CHERAS, 55100 KUALA LUMPUR
22/03/2018
Total: 5.90"
data/raw/img\094.jpg,"AEON CO. (M) BHD
3RD FLR, AEON TAMAN MALURI SC JLN JEJAKA, TAMAN MALURI CHERAS, 55100 KUALA LUMPUR
09/02/2018
Total: 5.90"
data/raw/img\095.jpg,"POPULAR BOOK CO. (M) SDN BHD
NO 8, JALAN 7/118B, DESA TUN RAZAK 56000 KUALA LUMPUR, MALAYSIA KL FESTIVAL CITY MALL
07/01/18
Total: 31.45"
data/raw/img\096.jpg,"POPULAR BOOK CO. (M) SDN BHD
NO 8, JALAN 7/118B, DESA TUN RAZAK 56000 KUALA LUMPUR, MALAYSIA
29/03/18
Total: 9.65"
data/raw/img\097.jpg,"POPULAR BOOK CO. (M) SDN BHD
NO 8, JALAN 7/118B, DESA TUN RAZAK 56000 KUALA LUMPUR, MALAYSIA
12/01/18
Total: 21.00"
data/raw/img\098.jpg,"WAHIN HARDWARE SDN BHD
425, JALAN PAHANG, SETAPAK, 53000 KUALA LUMPUR.
04/12/17
Total: 42.40"
data/raw/img\099.jpg,"SYARIKAT PERNIAGAAN GIN KEE
NO 290, JALAN AIR PANAS. SETAPAK, 53200, KUALA LUMPUR
04/12/2017
Total: 47.70"
data/raw/img\100.jpg,"SYARIKAT PERNIAGAAN GIN KEE
NO 290, JALAN AIR PANAS. SETAPAK. 53200, KUALA LUMPUR.
02/12/2017
Total: 7.42"
data/raw/img\101.jpg,"SYARIKAT PERNIAGAAN GIN KEE
NO 290, JALAN AIR PANAS. SETAPAK, 53200, KUALA LUMPUR.
02/12/2017
Total: 29.68"
data/raw/img\102.jpg,"IKANO HANDEL SDN BHD
NO 2A JALAN COCHRANE TAMAN MALURI 55100 KUALA LUMPUR
23/12/17
Total: 73.30"
data/raw/img\103.jpg,"SYARIKAT PERNIAGAAN GIN KEE
NO 290, JALAN AIR PANAS. SETAPAK, 53200, KUALA LUMPUR
28/12/2017
Total: 148.40"
data/raw/img\104.jpg,"T.A.S LEISURE SDN BHD

30 DEC 17
Total: 102.40"
data/raw/img\105.jpg,"SWEET FOREST CAFE
NO 21, JLN BUNGA KANTAN TAMAN P. RAMLEE SETAPAK 53000 KUALA LUMPUR
14-02-2018
Total: 30.30"
data/raw/img\106.jpg,"BEYOND BROTHERS HARDWARE
LOT 1-0-2, JLN 1/50, DIAMOND SQUARE, OFF JLN GOMBAK 53000 KUALA LUMPUR
14/03/2018
Total: 599.45"
data/raw/img\107.jpg,"ZAWIAJAYA FOOD N BEVERAGE SDN BHD
106-107, LEVEL 1 THE MINES MALL SERDANG SRI KEMBANGAN, 43300 SELANGOR DARUL EHSAN.
21-03-2018
Total: 48.15"
data/raw/img\108.jpg,"LIM SENG THO HARDWARE TRADING
NO 7. SIMPANG OFF BATU VILLAGE, JALAN IPOH BATU 5, 51200 KUALA LUMPUR MALAYSIA
03/02/2018
Total: 7.00"
data/raw/img\109.jpg,"LIM SENG THO HARDWARE TRADING
NO 7, SIMPANG OFF BATU VILLAGE, JALAN IPOH BATU 5, 51200 KUALA LUMPUR MALAYSIA
09/02/2018
Total: 7.00"
data/raw/img\110.jpg,"LIM SENG THO HARDWARE TRADING
NO 7, SIMPANG OFF BATU VILLAGE, JALAN IPOH BATU 5, 51200 KUALA LUMPUR MALAYSIA
29/12/2017
Total: 6.00"
data/raw/img\111.jpg,"SYARIKAT PERNIAGAAN GIN KEE
NO 290, JALAN AIR PANAS, SETAPAK, 53200, KUALA LUMPUR.
28/12/2017
Total: 465.34"
data/raw/img\112.jpg,"SUN VICTORY SDN BHD
LEVEL G2, BLOCK D1, SOLARIS DUTAMAS, NO.1, JALAN DUTAMAS 1, 50480 KUALA LUMPUR
14/01/2018
Total: RM4.00"
data/raw/img\113.jpg,"SYARIKAT PERNIAGAAN GIN KEE
NO 290, JALAN AIR PANAS, SETAPAK, 53200, KUALA LUMPUR.
02/01/2018
Total: 93.07"
data/raw/img\114.jpg,"SYARIKAT PERNIAGAAN GIN KEE
NO 290, JALAN AIR PANAS, SETAPAK, 53200, KUALA LUMPUR.
04/01/2018
Total: 44.73"
data/raw/img\115.jpg,"SYARIKAT PERNIAGAAN GIN KEE
NO 290, JALAN AIR PANAS, SETAPAK, 53200, KUALA LUMPUR.
10/01/2018
Total: 23.32"
data/raw/img\116.jpg,"SYARIKAT PERNIAGAAN GIN KEE
NO 290, JALAN AIR PANAS, SETAPAK, 53200, KUALA LUMPUR.
11/01/2018
Total: 116.28"
data/raw/img\117.jpg,"SYARIKAT PERNIAGAAN GIN KEE
NO 290, JALAN AIR PANAS, SETAPAK, 53200, KUALA LUMPUR.
03/01/2018
Total: 94.87"
data/raw/img\118.jpg,"SYARIKAT PERNIAGAAN GIN KEE
NO 290, JALAN AIR PANAS, SETAPAK, 53200, KUALA LUMPUR.
02/01/2018
Total: 13.25"
data/raw/img\119.jpg,"SYARIKAT PERNIAGAAN GIN KEE
NO 290, JALAN AIR PANAS, SETAPAK, 53200, KUALA LUMPUR.
02/01/2018
Total: 2.12"
data/raw/img\120.jpg,"SYARIKAT PERNIAGAAN GIN KEE
NO 290, JALAN AIR PANAS, SETAPAK, 53200, KUALA LUMPUR.
13/01/2018
Total: 6.36"
data/raw/img\121.jpg,"SYARIKAT PERNIAGAAN GIN KEE
NO 290, JALAN AIR PANAS, SETAPAK, 53200, KUALA LUMPUR.
11/01/2018
Total: 21.20"
data/raw/img\122.jpg,"SYARIKAT PERNIAGAAN GIN KEE
NO 290, JALAN AIR PANAS, SETAPAK, 53200, KUALA LUMPUR.
13/01/2018
Total: 12.72"
data/raw/img\123.jpg,"SYARIKAT PERNIAGAAN GIN KEE
NO 290, JALAN AIR PANAS, SETAPAK, 53200, KUALA LUMPUR.
02/01/2018
Total: 39.75"
data/raw/img\124.jpg,"SYARIKAT PERNIAGAAN GIN KEE
NO 290, JALAN AIR PANAS, SETAPAK, 53200, KUALA LUMPUR.
12/02/2018
Total: 5.30"
data/raw/img\125.jpg,"SYARIKAT PERNIAGAAN GIN KEE
NO 290, JALAN AIR PANAS, SETAPAK, 53200, KUALA LUMPUR.
12/02/2018
Total: 270.30"
data/raw/img\126.jpg,"SYARIKAT PERNIAGAAN GIN KEE
NO 290, JALAN AIR PANAS, SETAPAK, 53200, KUALA LUMPUR.
03/02/2018
Total: 60.95"
data/raw/img\127.jpg,"SYARIKAT PERNIAGAAN GIN KEE
NO 290, JALAN AIR PANAS, SETAPAK, 53200, KUALA LUMPUR.
12/01/2018
Total: 7.95"
data/raw/img\128.jpg,"SYARIKAT PERNIAGAAN GIN KEE
NO 290, JALAN AIR PANAS, SETAPAK, 53200, KUALA LUMPUR.
31/01/2018
Total: 82.68"
data/raw/img\129.jpg,"SYARIKAT PERNIAGAAN GIN KEE
NO 290, JALAN AIR PANAS, SETAPAK, 53200, KUALA LUMPUR.
24/01/2018
Total: 74.20"
data/raw/img\130.jpg,"BEYOND BROTHERS HARDWARE
LOT 1-0-2, JLN 1/50, DIAMOND SQUARE, OFF JLN GOMBAK 53000 KUALA LUMPUR
05/02/2018
Total: 63.60"
data/raw/img\131.jpg,"RESTORAN IBRAHIM MAJU SB
NO.2, GROUND FLOOR, JALAN REKO SENTRAL 8 TAMAN REKO SENTRAL, 43000 KAJANG SELANGOR DE
19/03/2018
Total: 5.30"
data/raw/img\132.jpg,"FARMASI MALURI S/B
23, JIN BURUNG JENTAYU, TMN BUKIT MALURI, KEPONG, 52100 KL.
02/03/18
Total: 79.35"
data/raw/img\133.jpg,"ASO ELECTRICAL TRADING SDN BHD
NO 31G, JALAN SEPADU C 25/C, SECTION 25, TAMAN INDUSTRIES, AXIS 40400 SHAH ALAM, SELANGIR.
27/09/2017
Total: 248.05"
data/raw/img\134.jpg,"TRI SHAAS SDN BHD
4-20, JALAN RIA 25/62 TAMAN SRI MUDA SEKSYEN 25, 40400 SHAH ALAM SELANGOR
10/08/2017
Total: 21.40"
data/raw/img\135.jpg,"ASO ELECTRICAL TRADING SDN BHD
NO 31G, JALAN SEPADU C 25/C, SECTION 25, TAMAN INDUSTRIES, AXIS 40400 SHAH ALAM, SELANGOR.
04/12/2017
Total: 99.00"
data/raw/img\136.jpg,"RESTORAN WAN SHENG
NO.2, JALAN TEMENGGUNG 19/9, SEKSYEN 9, BANDAR MAHKOTA CHERAS, 43200 CHERAS, SELANGOR
19-03-2018
Total: 6.00"
data/raw/img\137.jpg,"RESTORAN WAN SHENG
NO.2, JALAN TEMENGGUNG 19/9, SEKSYEN 9, BANDAR MAHKOTA CHERAS, 43200 CHERAS, SELANGOR
19-03-2018
Total: 9.10"
data/raw/img\138.jpg,"RESTORAN WAN SHENG
NO.2, JALAN TEMENGGUNG 19/9, SEKSYEN 9, BANDAR MAHKOTA CHERAS, 43200 CHERAS, SELANGOR
14-03-2018
Total: 4.80"
data/raw/img\139.jpg,"RESTORAN WAN SHENG
NO.2, JALAN TEMENGGUNG 19/9, SEKSYEN 9, BANDAR MAHKOTA CHERAS, 43200 CHERAS, SELANGOR
21-03-2018
Total: 6.70"
data/raw/img\140.jpg,"RESTORAN WAN SHENG
NO.2, JALAN TEMENGGUNG 19/9, SEKSYEN 9, BANDAR MAHKOTA CHERAS, 43200 CHERAS, SELANGOR
16-03-2018
Total: 9.60"
data/raw/img\141.jpg,"RESTORAN WAN SHENG
NO.2, JALAN TEMENGGUNG 19/9, SEKSYEN 9, BANDAR MAHKOTA CHERAS, 43200 CHERAS, SELANGOR
12-03-2018
Total: 7.00"
data/raw/img\142.jpg,"RESTORAN WAN SHENG
NO.2, JALAN TEMENGGUNG 19/9, SEKSYEN 9, BANDAR MAHKOTA CHERAS, 43200 CHERAS, SELANGOR
14-03-2018
Total: 2.30"
data/raw/img\143.jpg,"RSTORAN WAN SHENG
NO.2, JALAN TEMENGGUNG 19/9, SEKSYEN 9, BANDAR MAHKOTA CHERAS, 43200 CHERAS, SELANGOR
05-03-2018
Total: 6.00"
data/raw/img\144.jpg,"GERBANG ALAF RESTAURANTS SDN BHD
LEVEL 6, BANGUNAN TH, DAMANSARA UPTOWN3 NO.3, JALAN SS21/39, 47400 PETALING JAYA SELANGOR
21/03/2018
Total: 25.40"
data/raw/img\145.jpg,"GERBANG ALAF RESTAURANTS SDN BHD
LEVEL 6, BANGUNAN TH, DAMANSARA UPTOWN3 NO.3, JALAN SS21/39, 47400 PETALING JAYA SELANGOR
10/03/2018
Total: 8.50"
data/raw/img\146.jpg,"PAPPARICH BMC
JALAN TEMENGGUNG 23/9 BANDAR MAHKOTA CHERAS 43200 SELANGOR DARUL EHSAN, MALAYSIA
24 MAR 18
Total: 72.93"
data/raw/img\147.jpg,"MIZU MENTAI SDN. BHD.
NO: 1-1&2 GROUND FLOOR, JLN TEMENGGUNG 13/9, 43200 CHERAS SELANGOR
31-03-2018
Total: 65.55"
data/raw/img\148.jpg,"GERBANG ALAF RESTAURANTS SDN BHD
LEVEL 6, BANGUNAN TH, DAMANSARA UPTOWN3 NO.3, JALAN SS21/39, 47400 PETALING JAYA SELANGOR
18/03/2018
Total: 13.10"
data/raw/img\149.jpg,"HAPPY SNACKS ENTERPRISE
19 & 19A, JALAN MERANTI 2A, SEKSYEI BANDAR BARU BATANG KALI, 44300
20/03/2018
Total: 26.82"
data/raw/img\150.jpg,"SWC ENTERPRISE SDN BHD
5-7, JALAN MAHAGONI 7/1 SEKSYEN 4, BANDAR UTAMA, 44300 BATANG KALI, SELANGOR
28/03/2018
Total: 30.00"
data/raw/img\151.jpg,"L TWO FLORIST & HANDICRAFT
NO.49, JALAN MAHAGONI 7/2, SEKSYEN 4 BANDAR UTAMA, 44300 BATANG KALI, SELANGOR.
21/03/2018
Total: 9.00"
data/raw/img\152.jpg,"WATSON'S PERSONAL CARE STORES SDN BHD
USJ SUMMIT, SUBANG (SS)
25032018
Total: RM41.45"
data/raw/img\153.jpg,"POPULAR BOOK CO. (M) SDN BHD
NO 8, JALAN 7/118B, DESA TAN RAZAH 56000 KUALA LUMPUR, MALAYSIA KSL CITY
06/02/18
Total: 14.65"
data/raw/img\154.jpg,"KHE ELECTRICAL TRADING
33-G JALAN MAJU 3/1 TAMAN LEMBAH MAJU CHERAS, 56100 KL
22/03/2018
Total: 101.75"
data/raw/img\155.jpg,"GERBANG ALAF RESTAURANTS SDN BHD
LEVEL 6, BANGUNAN TH, DAMANSARA UPTOWN3 NO.3, JALAN SS21/39, 47400 PETALING JAYA SELANGOR
02/03/2018
Total: 28.50"
data/raw/img\156.jpg,"TK DIVISION KITCHEN SDN BHD
19-1. JALAN MALINJA 2, TAMAN BUNGA RAYA, 53100 SETAPAK, KUALA LUMPUR.
17/1/2018
Total: RM 29.70"
data/raw/img\157.jpg,"GOLDEN SCOOP SDN BHD
A-16-1, TOWER A, NORTHPOINT OFFICE, MID VALLEY CITY, NO1, MEDAN SYED PUTRA UTARA KUALA LUMPUR MALAYSIA
16/02/2018
Total: 21.50"
data/raw/img\158.jpg,"99 SPEED MART S/B
LOT P. T. 2811, JALAN ANGSA, TAMAN BERKELEY 41150 KLANG, SELANGOR 1934-LAMAN RIMBUNAN
03-02-18
Total: 3.70"
data/raw/img\159.jpg,"FUN N CHEER (MALURI)
LOT 37636 , JALAN 6/37A, TAMAN BUKIT MALURI , 52100 KUALA LUMPUR
05/01/2018
Total: 29.80"
data/raw/img\160.jpg,"CT281 - TEALIVE SHELL KEPONG OTTOGO ENTERPRISE
SHELL STATION PT15944, MUKIM BATU, JLN BESAR KEPONG
21/01/2018
Total: RM8.60"
data/raw/img\161.jpg,"NADEJE PRESTIGE SDN BHD
LOT NO. : G1 . 116A,GROUND FLOOR , SUNWAY PYRAMID , NO.3, JALAN PJS 11/15, BANDAR SUNWAY , 47500 PETALING JAYA.
2018/02/22
Total: RM39.00"
data/raw/img\162.jpg,"99 SPEED MART S/B
LOT P. T. 2811, JALAN ANGSA, TAMAN BERKELEY 41150 KLANG, SELANGOR 1181-TMN SRI SINAR
17-02-18
Total: 213.00"
data/raw/img\163.jpg,"99 SPEED MART S/B
LOT P. T. 2811, JALAN ANGSA, TAMAN BERKELEY 41150 KLANG, SELANGOR 1362-JLN DEVELOPMENT
17-02-18
Total: 108.50"
data/raw/img\164.jpg,"SUNFISH
22 LRG PERUSAHAAN 4 KIMPAL INDS.PARK B.CAVES
05/01/2018
Total: 28.70"
data/raw/img\165.jpg,"MR . DAKGALBI SOLARIS
NO.J-G-02, SOHO KI, SOLARIS MONT KIERA, 50 480 KL
2018-01-05
Total: 71.00"
data/raw/img\166.jpg,"THE STORE (MALAYSIA) SDN BHD
LOT 34817 JALAN BATU AMBAR TAMAN KOK LIAN 51200 KUALA LUMPUR,
14-01-2018
Total: 35.80"
data/raw/img\167.jpg,"LITTLE CRAVINGS SDN BHD
HQ: 7, JLN SS21/34, 47400 PJ
18-03-2018
Total: RM53.60"
data/raw/img\168.jpg,"KING'S CONFECTIONERY S/B
NO.41, JALAN SERI BINTANG 2 TAMAN SRI BINTANG, 52100 KUALA LUMPUR.
11/03/18
Total: 25.15"
data/raw/img\169.jpg,"YAM FRESH
NO. 145G, JALAN RIMBUNAN RAYA 1, LAMAN RIMBUNAN KEPONG, 52100 KUALA LUMPUR
2018-03-18
Total: RM29.30"
data/raw/img\170.jpg,"ZEN AND COFFEE 28 S/B
NO 53, JALAN 3/62A, BANDAR MENJALARA, 52200 KUALA LUMPUR.
25 MAR 2018
Total: 105.00"
data/raw/img\171.jpg,"GUARDIAN HEALTH AND BEAUTY SDN BHD
GUARDIAN GIANT BREM MALL G-19 LEVEL G BREM MALL
04/03/18
Total: 12.00"
data/raw/img\172.jpg,"MR. D. I. Y. (KUCHAI) SDN BHD
LOT 1851-A & 1851-B, JALAN KPB 6, KAWASAN PERINDUSTRIAN BALAKONG, 43300 SERI KEMBANGAN, SELANGOR
16-03-18
Total: 53.30"
data/raw/img\173.jpg,"DOMMAL FOOD SERVICES SDN BHD
D-08, M AVENUE , JLN 1 / 38A SEGAMBUT BAHAGIA 51200 KUALA LUMPUR
26/03/18
Total: 60.60"
data/raw/img\174.jpg,"MY HAPPY PHARMACY PLT
NO 12 GF, JALAN MAMANDA 5, TAMAN DATO AHMAD RAZALI, JALAN AMPANG, 68000 AMPANG, SELANGOR.
01/02/2018
Total: 20.50"
data/raw/img\175.jpg,"POPULAR BOOK CO. (M) SDN BHD
NO 8, JALAN 7/118B, DESA TUN RAZAK 56000 KUALA LUMPUR, MALAYSIA AMPANG POINT CENTRE
11/02/18
Total: 11.80"
data/raw/img\176.jpg,"KEDAI PAPAN YEW CHUAN
LOT 276 JALAN BANTING 43800 DENGKIL, SELANGOR.
28/02/2018
Total: 101.76"
data/raw/img\177.jpg,"KEDAI PAPAN YEW CHUAN
LOT 276 JALAN BANTING 43800 DENGKIL, SELANGOR.
06/03/2018
Total: 127.20"
data/raw/img\178.jpg,"KEDAI PAPAN YEW CHUAN
LOT 276 JALAN BANTING 43800 DENGKIL, SELANGOR.
31/03/2018
Total: 174.90"
data/raw/img\179.jpg,"KEDAI PAPAN YEW CHUAN
LOT 276 JALAN BANTING 43800 DENGKIL, SELANGOR.
17/03/2018
Total: 174.90"
data/raw/img\180.jpg,"BHPETROL SUBANG AIRPORT
JALAN LAPANGAN TERBANG SUBANG 47200 SUBANG SELANGOR
18-01-2018
Total: 41.95"
data/raw/img\181.jpg,"BHPETROL PALEKBANG
LOT 1626, MUKIM KAMPUNG LAUT TUMPAT 16200 PALEKBANG, KELANTAN
24-03-2018
Total: 6.00"
data/raw/img\182.jpg,"BILLION SIX ENTERPRISE
NO 3, JALAN TAMAN JAS'A 2; . SECTION U6, 40150 SHAH ALAM.
22/02/2018
Total: 63.80"
data/raw/img\183.jpg,"SLF CASH & CARRY
NO. 15. JLN TSJ2,TMN SUBANG JASA, OFF JLN BT 3 SUBANG. 40000 SHAH ALAM. SEL.
03/02/2018
Total: 21.20"
data/raw/img\184.jpg,"SLF CASH & CARRY
NO.15, JLN TSJ2,TMN SUBANG JASA, OFF JLN BT 3 SUBANG, 40000 SHAH ALAM, SEL.
02/02/2018
Total: 48.00"
data/raw/img\185.jpg,"SUPER SEVEN CASH & CARRY SDN BHD
NO. 1 JALAN EURO 1 OFF JALAN BATU TIGA SUNGAI BULOH SEKSYEN U3 SHAH ALAM, 40150
12-02-2018
Total: RM367.10"
data/raw/img\186.jpg,"99 SPEED MART S/B
LOT P.T. 2811, JALAN ANGSA, TAMAN BERKELEY 41150 KLANG, SELANGOR
07-02-18
Total: 45.35"
data/raw/img\187.jpg,"URBAN IDEA SDN BHD
A-G-06, DATARAN GLOMAC, JALAN SS6/5A, PUSAT BANDAR KELANA JAYA, 47301 PETALING JAYA, SELANGOR, MALAYSIA
27/02/2018
Total: RM22.65"
data/raw/img\188.jpg,"KMF FOODICIOUS SDN BHD
NO. 9-G, JALAN PERUBATAN 2, PANDAN INDAH, 55100 KUALA LUMPUR.
09-04-2018
Total: 31.00"
data/raw/img\189.jpg,"YONG CEN ENTERPRISE
9, JALAN SUBANG JASA 3, 40150 SHAN ALAM, SELANGOR.
02/03/2018
Total: 63.35"
data/raw/img\190.jpg,"MR. D. I. Y. (M) SDN BHD
LOT 1851-A & 1851-B, JALAN KPB 6, KAWASAN PERINDUSTRIAN BALAKONG, 43300 SERI KEMBANGAN, SELANGOR
02-03-18
Total: 71.90"
data/raw/img\191.jpg,"ENW HARDWARE CENTRE (M) SDN BHD
NO: G3, BLK G, JIN PJU 1A/3, ARA DAMANSARA, 47301 PETALING JAYA, SELANGOR DARUL EHSAN.
10/03/2018
Total: 34.00"
data/raw/img\192.jpg,"MR. D.I.Y. (M) SDN BHD
LOT 1851-A & 1851-B, JALAN KPB 6, KAWASAN PERINDUSTRIAN BALAKONG, 43300 SERI KEMBANGAN, SELANGOR
28/03/18
Total: 38.80"
data/raw/img\193.jpg,"POPULAR BOOK CO. (M) SDN BHD
NO 8. JALAN 7/118B, DESA TUN RAZAK 56000 KUALA LUMPUR, MALAYSIA
01/03/18
Total: 4.00"
data/raw/img\194.jpg,"AEON CO. (M) BHD.
3RD FLR, AEON TAMAN MALURI SC JLN JEJAKA, TAMAN MALURI CHERAS ,55100 KUALA LUMPUR
28/02/2018
Total: 88.95"
data/raw/img\195.jpg,"AEON CO. (M) BHD
3RD FLR, AEON TAMAN MALURI SC JLN JEJAKA, TAMAN MALURI CHERAS, 55100 KUALA LUMPUR
09/03/2018
Total: 31.00"
data/raw/img\196.jpg,"POPULAR BOOK CO. (M) SDN BHD
NO 8, JALAN 7/118B, DESA TUN RAZAK 56000 KUALA LUMPUR, MALAYSI.
11/03/18
Total: 5.75"
data/raw/img\197.jpg,"AEON CO. (M) BHD
3RD FLR, AEON TAMAN MALURI SC JLN JEJAKA, TAMAN MALURI CHERAS, 55100 KUALA LUMPUR
12/03/2018
Total: 42.50"
data/raw/img\198.jpg,"MR. D.I.Y. (KUCHAI) SDN BHD
LOT 1851-A & 1851-B, JALAN KPB 6, KAWASAN PERINDUSTRIAN BALAKONG, 43300 SERI KEMBANGAN, SELANGOR
12-03-18
Total: 45.00"
data/raw/img\199.jpg,"TSH POWER HARDWARE TRADING
13-1, JALAN PJU 5/10, DATARAN SUNWAY, KOTA DAMANSARA, 47810, PETALING JAYA, SELANGOR
10/10/2017
Total: 8.00"
data/raw/img\200.jpg,"MR. D.I.Y. (M) SDN BHD
LOT 1851-A & 1851-B, JALAN KPB 6, KAWASAN PERINDUSTRIAN BALAKONG, 43300 SERI KEMBANGAN, SELANGOR
17-03-18
Total: 42.90"
data/raw/img\201.jpg,"MR. D.I.Y. (M) SDN BHD
LOT 1851-A & 1851-B, JALAN KPB 6, KAWASAN PERINDUSTRIAN BALAKONG, 43300 SERI KEMBANGAN, SELANGOR
18-03-18
Total: 10.60"
data/raw/img\202.jpg,"BAIFU (M) SDN BHD
DAISO JAPAN, IOI MALL
20/03/2018
Total: 35.40"
data/raw/img\203.jpg,"MR. D.I.Y. (M) SDN BHD
LOT 1851-A & 1851-B, JALAN KPB 6, KAWASAN PERINDUSTRIAN BALAKONG, 43300 SERI KEMBANGAN, SELANGOR
26-03-18
Total: 28.00"
data/raw/img\204.jpg,"MR. D.I.Y. (M) SDN BHD
LOT 1851-A & 1851-B, JALAN KPB 6, KAWASAN PERINDUSTRIAN BALAKONG, 43300 SERI KEMBANGAN, SELANGOR
25-03-18
Total: 50.80"
data/raw/img\205.jpg,"MR. D.I.Y. (M) SDN BHD
LOT 1851-A & 1851-B, JALAN KPB 6, KAWASAN PERINDUSTRIAN BALAKONG, 43300 SERI KEMBANGAN, SELANGOR
23-03-18
Total: 26.10"
data/raw/img\206.jpg,"GOLDEN KEY MAKER
NO 5, JALAN KENARI 2, BANDAR PUCHONG JAYA, 47100 PUCHONG, SELANGOR
24-MAR-2018
Total: 21.00"
data/raw/img\207.jpg,"MR. D.I.Y. (M) SDN BHD
LOT 1851-A & 1851-B, JALAN KPB 6, KAWASAN PERINDUSTRIAN BALAKONG, 43300 SERI KEMBANGAN, SELANGOR
24-03-18
Total: 14.90"
data/raw/img\208.jpg,"MR. D.I.Y. (M) SDN BHD
LOT 1851-A & 1851-B, JALAN KPB 6, KAWASAN PERINDUSTRIAN BALAKONG, 43300 SERI KEMBANGAN, SELANGOR
24-03-18
Total: 12.30"
data/raw/img\209.jpg,"ELITETRAX MARKETING SDN BHD
LOT 1F-01&02,1ST FLR,PARADIGM MALL, NO. 1 JALAN SS 7/26A, KELANA JAYA, 47301 PETALING JAYA
11.02.18
Total: 60.00"
data/raw/img\210.jpg,"KAISON FURNISHING SDN BHD
L4-17 (B), LEVEL 4, UP2-01, MELAWATI MALL, 355, JALAN BANDAR MELAWATI, PUSAT BANDAR MELAWATI, 53100 KUALA LUMPUR.
29-01-18
Total: 7838.80"
data/raw/img\211.jpg,"LEE WAH FLORIST SDN BHD
129, JALAN TUN H.S LEE, 50000 KUALA LUMPUR.
02/02/2018
Total: 374.20"
data/raw/img\212.jpg,"ADVANCO COMPANY
NO 1&3, JALAN WANGSA DELIMA 12, WANGSA LINK, WANGSA MAJU, 53300 KUALA LUMPUR
17/01/2018
Total: 29.00"
data/raw/img\213.jpg,"ADVANCO COMPANY
NO 1&3, JALAN WANGSA DELIMA 12, WANGSA LINK, WANGSA MAJU, 53300 KUALA LUMPUR
28/02/2018
Total: 10.45"
data/raw/img\214.jpg,"SINNATHAMBY HOLDINGS SDN. BHD.
NO.17, 18 & 41, JALAN BESAR, 39100 BRINCHANG, CAMERON HIGHLANDS, PAHANG
06/02/2018
Total: 13.50"
data/raw/img\215.jpg,"SINNATHAMBY HOLDINGS SDN. BHD.
NO.17,18 & 41,JALAN BESAR,39100 BRINCHANG, CAMERON HIGHLANDS, PAHANG
06/02/2018
Total: 109.70"
data/raw/img\216.jpg,"ADVANCO COMPANY
NO 1&3, JALAN WANGSA DELIMA 12, WANGSA LINK, WANGSA MAJU, 53300 KUALA LUMPUR
17/01/2018
Total: 7.00"
data/raw/img\217.jpg,"IKANO HANDEL SDN BHD
NO 2A JALAN COCHRANE TAMAN MALURI 55100 KUALA LUMPUR
25/04/18
Total: 22.00"
data/raw/img\218.jpg,"TRENDYMAX (M) SDN. BHD.
P6, BLOCK C, GM KLANG WHOLESALE CITY, JALAN KASUARINA 1, 41200 KLANG, SELANGOR D.E.
15/01/2018
Total: 329.10"
data/raw/img\219.jpg,"PRINT EXPERT SDN BHD
NO 18, 20, 22, JALAN BUNGA TANJONG 2/16, 40000 SHAH ALAM, SELANGOR
12/01/2018
Total: 100.00"
data/raw/img\220.jpg,"PRINT EXPERT SDN BHD
NO 18, 20, 22, JALAN BUNGA TANJONG 2/16, 40000 SHAH ALAM, SELANGOR
12/01/2018
Total: 4.25"
data/raw/img\221.jpg,"POPULAR BOOK CO. (M) SDN BHD
NO 8, JALAN 7/118B, DESA TUN RAZAK 56000 KUALA LUMPUR, MALAYSIA
24/01/18
Total: 30.10"
data/raw/img\222.jpg,"POPULAR BOOK CO. (M) SDN BHD
NO 8, JALAN 7/118B, DESA TUN RAZAK 56000 KUALA LUMPUR, MALAYSIA
27/02/18
Total: 41.00"
data/raw/img\223.jpg,"POPULAR BOOK CO. (M) SDN BHD
NO 8, JALAN 7/118B, DESA TUN RAZAK 56000 KUALA LUMPUR, MALAYSIA
05/03/18
Total: 9.90"
data/raw/img\224.jpg,"BOON SENG PAPER SDN BHD
12, JALAN BUNGA TANJUNG,2/16 SEKSYEN 2,40000 SHAH ALAM, SELANGOR
19/03/2018
Total: 31.80"
data/raw/img\225.jpg,"RELAIS TOTAL OULMES
AUTOROUTE RABAT MEKNES 15000 KHEMISSET
30/03/2018
Total: 56.00"
data/raw/img\226.jpg,"TONYMOLY VIVA CITY
UNIT L1-044B, VIVACITY MEGAMALL, JALAN WAN ALWI, 93350 KUCHING, SARAWAK.
29/03/2018
Total: 100.60"
data/raw/img\227.jpg,"TONYMOLY VIVA CITY
UNIT L1-044B, VIVACITY MEGAMALL, JALAN WAN ALWI, 93350 KUCHING, SARAWAK.
29/03/2018
Total: 39.90"
data/raw/img\228.jpg,"TONYMOLY VIVA CITY
UNIT L1-044B, VIVACITY MEGAMALL, JALAN WAN ALWI, 93350 KUCHING, SARAWAK.
29/03/2018
Total: 48.95"
data/raw/img\229.jpg,"ANZEL ADVERTISING (M) SDN BHD
UNIT G-5B, GROUND FLOOR, WISMA UOA II, NO 21, JALAN PINANG, 50450 KUALA LUMPUR, MALAYSIA
21/03/2018
Total: 7.40"
data/raw/img\230.jpg,"ANZEL ADVERTISING (M) SDN BHD
UNIT G-5B, GROUND FLOOR, WISMA UOA II, NO 21, JALAN PINANG, 50450 KUALA LUMPUR, MALAYSIA
27/03/2018
Total: 8.50"
data/raw/img\231.jpg,"MR. D.I.Y. (KUCHAI) SDN BHD
LOT 1851-A & 1851-B, JALAN KPB 6, KAWASAN PERINDUSTRIAN BALAKONG, 43300 SERI KEMBANGAN, SELANGOR
15-03-18
Total: 119.70"
data/raw/img\232.jpg,"PREMIO STATIONERY SDN BHD
F-G-01 JALAN SS 6/5B DATARAN GLOMAC. KELANA JAYA 47301 PETALING JAYA. SELANGOR
08/02/2017
Total: 25.45"
data/raw/img\233.jpg,"Y SOON FATT S/B
LOT 1504, BATU 8 1/2, JALAN KLANG LAMA, 46000 PETALING JAYA, SELANGOR.
9/2/2017
Total: 362.50"
data/raw/img\234.jpg,"BEMED (SP) SDN BHD
NO.49, JALAN DINAR G U3/G, SUBANG PERDANA, 40150 SHAH ALAM, SELANGOR D.E.
02/JAN/2017
Total: 165.00"
data/raw/img\235.jpg,"B & BEST RESTAURANT
NO.12, JALAN SS4C/5,PETALING JAYA SELANGOR DARUL EHSAN
10/02/2017
Total: 7.40"
data/raw/img\236.jpg,"B & BEST RESTAURANT
NO.12, JALAN SS4C/5,PETALING JAYA SELANGOR DARUL EHSAN
20/03/2017
Total: 14.85"
data/raw/img\237.jpg,"B & BEST RESTAURANT
NO.12,JALAN SS4C/5,PETALING JAYA SELANGOR DARUL EHSAN
10/02/2017
Total: 7.40"
data/raw/img\238.jpg,"OLIVE9 PHARMACY SDN BHD
69 JALAN NOVA U5/N, SEKSYEN U5 SUBANG BE
31/03/2017
Total: 12.15"
data/raw/img\239.jpg,"SEGI CASH & CARRY SDN. BHD.
PT17920 SEK U9, SHAH ALAM
06/04/17
Total: 50.45"
data/raw/img\240.jpg,"TANJONGMAS BOOKCENTRE (PJ) SDN BHD
LOT F15, GIANT BANDAR PUTERI JALAN PUTERI 1/1, BDR PUTERI 47100 PUCHONG, SELANGOR
17/03/2017
Total: 62.00"
data/raw/img\241.jpg,"BEMED (SP) SDN. BHD.
NO.49, JALAN DINAR G U3/G, SUBANG PERDANA, 40150 SHAH ALAM, SELANGOR D.E.
25/FEB/2017
Total: 217.00"
data/raw/img\242.jpg,"SEGI CASH & CARRY SDN.BHD
PT17920, SEKSYEN U9, 40150 SHAH ALAM, SELANGOR DARUL EHSAN.
05 JAN 2017
Total: 12.60"
data/raw/img\243.jpg,"SEGI CASH & CARRY SDN.BHD
PT17920, SEKSYEN U9, 40150 SHAH ALAM, SELANGOR DARUL EHSAN.
04 JAN 2017
Total: 20.05"
data/raw/img\244.jpg,"GOLDEN ARCHES RESTAURANTS SDN BHD
LEVEL 6, BANGUNAN TH, DAMANSARA UPTOWN3 NO.3, JALAN SS21/39,47400 PETALING JAYA SELANGOR
25/12/2016
Total: 29.30"
data/raw/img\245.jpg,"MEI LET RESTAURANT
NO 2, JALAN BULAN BM U5/BM, SEKSYEN U5, 40150 SHAH ALAM, SELANGOR
22/01/2017
Total: 67.85"
data/raw/img\246.jpg,"KING'S CONFECTIONERY S/B
LOT NO. G23, GIANT KELANA JAYA LOT PT244, JLN PERBANDARAN SS6/4 PUSAT BANDAR KELANA JAYA, PETALING
02/02/17
Total: 7.50"
data/raw/img\247.jpg,"YONG SOON FATT S/B
LOT 1504, BATU 8 1/2, JALAN KLANG LAMA, 46000 PETALING JAYA, SELANGOR.
6/2/2017
Total: 758.70"
data/raw/img\248.jpg,"AMPANG 210 FIRST CITY PARKING SDN BHD
A-09-10 PRIMA AVENUE THE TUBE, 1/39, DATARAN PRIMA 47301 PETALING JAYA SELANGOR DE
16/04/2018
Total: RM7.00"
data/raw/img\249.jpg,"GL HANDICRAFT & TAII ORING
19, JALAN KANCIL, OFF JALAN PUDU, 55100 KUALA LUMPUR MALAYSIA
27/03/2018
Total: 130.00"
data/raw/img\250.jpg,"GL HANDICRAFT & TAII ORING
19, JALAN KANCIL, OFF JALAN PUDU, 55100 KUALA LUMPUR MALAYSIA
09/04/2018
Total: 104.00"
data/raw/img\251.jpg,"ARTRANGE STATIONERS & PRINT SDN BHD
44 JALAN SS21/58 DAMANSARA UTAMA 47400 PETALING JAYA
10/04/2017
Total: 15.40"
data/raw/img\252.jpg,"TIMES BOOKSTORES
LOT F21 & 22, CITTA MALL NO 1, JLN PJU 1A/4 47301
23/04/2017
Total: 12.37"
data/raw/img\253.jpg,"TOKYO KITCHEN (CITTA MALL) TOKYO KITCHEN SDN BHD
G-26, GRD FLOOR,CITTA MALL, NO 1, JALAN PJU, 1A/4B, JLN PJU 1,ARA DAMANSARA, 47301 PETALING JAYA, SELANGOR.
23-04-2017
Total: 113.80"
data/raw/img\254.jpg,"BEMED (SP) SDN. BHD.
NO.49, JALAN DINAR G U3/G, SUBANG PERDANA, 40150 SHAH ALAM, SELANGOR D.E.
15/APR/2017
Total: 635.00"
data/raw/img\255.jpg,"YONG CEN ENTERPRISE
9, JALAN SUBANG JASA 3, 40150 SHAH ALAM, SELANGOR.
25/04/2017
Total: 94.00"
data/raw/img\256.jpg,"BILLION SIX ENTERPRISE
NO 3, JALAN TAMAN JASA 2, SECTION U6, 40150 SHAH ALAM.
04/05/2017
Total: 12.00"
data/raw/img\257.jpg,"AMANO MALAYSIA SDN BHD
12 JALAN PENGACARA U1/48 TEMASYA INDUSTRIAL PARK 40150 SHAH ALAM SELANGOR
30/04/2017
Total: RM3.00"
data/raw/img\258.jpg,"AMANO MALAYSIA SDN BHD
12 JALAN PENGACARA U1/48 TEMASYA INDUSTRIAL PARK 40150 SHAH ALAM SELANGOR
30/04/2017
Total: RM1.00"
data/raw/img\259.jpg,"99 SPEED MART S/B
LOT P.T. 2811, JALAN ANGSA, TAMAN BERKELEY 41150 KLANG, SELANGOR 1313-SUBANG BESTARI
05-05-17
Total: 42.35"
data/raw/img\260.jpg,"PERNIAGAAN RIANG RIA
NO7,JLN UERO,SHAH ALAM.
10-05-2017
Total: 22.60"
data/raw/img\261.jpg,"BEMED (SP) SDN. BHD.
NO.49, JALAN DINAR G U3/G, SUBANG PERDANA, 40150 SHAH ALAM, SELANGOR D.E.
14/MAY/2017
Total: 191.20"
data/raw/img\262.jpg,"99 SPEED MART S/B
LOT P.T. 2811, JALAN ANGSA, TAMAN BERKELEY 41150 KLANG, SELANGOR 1032-SUBANG PERDANA
21-05-17
Total: 20.80"
data/raw/img\263.jpg,"HERO DISTRIBUTION SDN BHD
4243,COMPLEKS PERNIAGAAN SRI GAYA, JLN TMN SUBANG JASA 3, 40150 SELANGOR
17/05/17
Total: 41.50"
data/raw/img\264.jpg,"SEGI CASH & CARRY SDN. BHD.
PT17920 SEK U9, SHAH ALAM
25 MAY 2017
Total: 118.35"
data/raw/img\265.jpg,"BROADVIEW MARKETING SDN BHD
NO. 9-G, JALAN DINAR D U3/D TAMAN SUBANG PERDANA, SEK,U3, 40150 SHAH ALAM,SELANGOR D.E.
15/05/2017
Total: 4.70"
data/raw/img\266.jpg,"RESTORAN WAN SHENG
NO. 2, JALAN TEMENGGUNG 19/9, SEKSYEN 9, BANDAR MAHKOTA CHERAS, 43200 CHERAS, SELANGOR
12-11-2017
Total: 62.80"
data/raw/img\267.jpg,"99 SPEED MART S/B
LOT P.T. 2811, JALAN ANGSA, TAMAN BERKELEY 41150 KLANG, SELANGOR 1214-JINJANG UTARA
22-11-17
Total: 182.00"
data/raw/img\268.jpg,"99 SPEED MART S/B
LOT P.T. 2811, JALAN ANGSA, TAMAN BERKELEY 41150 KLANG, SELANGOR 1214-JINJANG UTARA
01-11-17
Total: 52.10"
data/raw/img\269.jpg,"IN-SPARKLE TRADING SDN BHD
NO.LOT 24, BATU 11 KAMPUNG DATO, UJANG BALAKONG, 43200 CHERAS, SEL.
21/10/2017
Total: 250.00"
data/raw/img\270.jpg,"ELKEN SERVICE SDN BHD
NO 2-1 JALAN 3/137B BATU 5 JALAN KELANG LAMA 58000 KUALA LUMPUR
10 OCT 2017
Total: 250.00"
data/raw/img\271.jpg,"FIVE STAR CASH & CARRY
G.23 & G.22, PLAZA SERI SETIA, NO.1 JALAN SS 9/1, 47300 PJ, SELANGOR.
19/06/17
Total: 45.00"
data/raw/img\272.jpg,"BROADVIEW MARKETING SDN BHD
NO. 9-G, JALAN DINAR D U3/D TAMAN SUBANG PERDANA, SEK,U3, 40150 SHAH ALAM,SELANGOR D.E.
03/06/2017
Total: 18.00"
data/raw/img\273.jpg,"BEMED (SP) SDN. BHD.
NO.49, JALAN DINAR G U3/G, SUBANG PERDANA, 40150 SHAH ALAM, SELANGOR D.E.
14/JUN/2017
Total: 165.00"
data/raw/img\274.jpg,"SUPER.SEVEN CASH & CARRY SDN BHD
NO. 1 JALAN EURO 1 OFF JALAN BATU TIGA SUNGAI BULOH SEKSYEN U3 SHAH ALAM,40150
22-06-2017
Total: RM28.05"
data/raw/img\275.jpg,"99 SPEED MART S/B
LOT P.T. 2811, JALAN ANGSA, TAMAN BERKELEY 41150 KLANG, SELANGOR 1214-JINJANG UTARA
10-05-17
Total: 11.50"
data/raw/img\276.jpg,"99 SPEED MART S/B
LOT P.T. 2811, JALAN ANGSA, TAMAN BERKELEY 41150 KLANG, SELANGOR 1422-TMN DESA JAYA
10-05-17
Total: 72.75"
data/raw/img\277.jpg,"S&Y STATIONERY
NO. 36G JALAN BULAN BM U5/BM, BANDAR PINGGIRAN SUBANG, SEKSYEN U5, 40150 SHAH ALAM, SELANGOR.
05-JAN-2017
Total: 72.00"
data/raw/img\278.jpg,"FIVE STAR CASH & CARRY
G.23 & G.22, PLAZA SERI SETIA, NO.1 JALAN SS 9/1, 47300 PJ, SELANGOR.
19/01/17
Total: 19.80"
data/raw/img\279.jpg,"KING'S CONFECTIONERY S/B
NO. 20-A1, JALAN SS6/3, KELANA JAYA, 47301 PETALING JAYA SELANGOR D.E.
09/02/17
Total: 19.20"
data/raw/img\280.jpg,"B & BEST RESTAURANT
NO.12,JALAN SS4C/5,PETALING JAYA SELANGOR DARUL EHSAN
22/04/2017
Total: 22.25"
data/raw/img\281.jpg,"DI HUAN YA RESTAURANT
5,JALAN PERMAS 10/5, BANDAR BARU PERMAS JAYA, 81750 JOHOR BAHRU,JOHOR
07/04/2018
Total: 35.00"
data/raw/img\282.jpg,"RESTORAN SIAM VILLAGE
NO.8,JALAN PERMAS 10/7, PERMAS JAYA, 81750 JOHOR BAHRU.
27/04/2018
Total: 275.90"
data/raw/img\283.jpg,"UNIHAKKA INTERNATIONAL SDN BHD
12, JALAN TAMPOI 7/4,KAWASAN PERINDUSTRIAN TAMPOI,81200 JOHOR BAHRU,JOHOR
02 APR 2018
Total: $8.20"
data/raw/img\284.jpg,"UNIHAKKA INTERNATIONAL SDN BHD
12, JALAN TAMPOI 7/4,KAWASAN PERINDUSTRIAN TAMPOI,81200 JOHOR BAHRU,JOHOR
03 APR 2018
Total: $7.10"
data/raw/img\285.jpg,"UNIHAKKA INTERNATIONAL SDN BHD
12, JALAN TAMPOI 7/4,KAWASAN PERINDUSTRIAN TAMPOI,81200 JOHOR BAHRU,JOHOR
09 APR 2018
Total: $8.20"
data/raw/img\286.jpg,"UNIHAKKA INTERNATIONAL SDN BHD
12, JALAN TAMPOI 7/4,KAWASAN PERINDUSTRIAN TAMPOI,81200 JOHOR BAHRU,JOHOR
10 APR 2018
Total: $7.60"
data/raw/img\287.jpg,"UNIHAKKA INTERNATIONAL SDN BHD
12, JALAN TAMPOI 7/4,KAWASAN PERINDUSTRIAN TAMPOI,81200 JOHOR BAHRU,JOHOR
11 APR 2018
Total: $8.20"
data/raw/img\288.jpg,"HASHA PETROKIOSK
LOT PTD 198718 TMN SIERRA P 81750 MASAI JOHOR
06/04/2018
Total: 50.00"
data/raw/img\289.jpg,"BHPETROL PERMAS JAYA 2
LOT PTD 101051 JALAN PERMAS 10/10 81750 MASAI, JOHOR
10-04-2018
Total: 50.00"
data/raw/img\290.jpg,"LAVENDER CONFECTIONERY & BAKERY S/B
LOT G29 & G30, AEON MALL TEBRAU CITY, NO. 1, JALAN DESA TEBRAU, TAMAN DESA TEBRAU, 81100 JOHOR BAHRU.
14/04/2018
Total: 12.30"
data/raw/img\291.jpg,"UNIHAKKA INTERNATIONAL SDN BHD
12, JALAN TAMPOI 7/4,KAWASAN PERINDUSTRIAN TAMPOI,81200 JOHOR BAHRU,JOHOR
18 APR 2018
Total: $7.00"
data/raw/img\292.jpg,"UNIHAKKA INTERNATIONAL SDN BHD
12, JALAN TAMPOI 7/4,KAWASAN PERINDUSTRIAN TAMPOI,81200 JOHOR BAHRU,JOHOR
16 APR 2018
Total: $8.20"
data/raw/img\293.jpg,"SELASIH EKSLUSIF SDN BHD
88 JALAN IBRAHIM SULTAN STULANG LAUT 80300 JOHOR BAHRU
6/4/2018
Total: 270.00"
data/raw/img\294.jpg,"PASAR MINI JIN SENG
379, JALAN PERMAS SATU, BANDAR BARU PERMAS JAYA 81750 PLENTONG, JOHOR.
15/04/18
Total: 44.90"
data/raw/img\295.jpg,"UNIHAKKA INTERNATIONAL SDN BHD
12, JALAN TAMPOI 7/4,KAWASAN PERINDUSTRIAN TAMPOI,81200 JOHOR BAHRU,JOHOR
19 APR 2018
Total: $9.90"
data/raw/img\296.jpg,"DOMINO'S PIZZA
NO.12, JALAN PERMAS JAYA 10, BANDAR BARU PERMAS JAYA, 81750 MASAI JOHOR
17/04/18
Total: 25.60"
data/raw/img\297.jpg,"DOMINO'S PIZZA
NO.12, JALAN PERMAS JAYA 10, BANDAR BARU PERMAS JAYA, 81750 MASAI JOHOR
11/04/18
Total: 21.60"
data/raw/img\298.jpg,"THE COFFEE BEAN & TEA LEAF (M) SDN. BHD.
LOT F36, FIRST FLOOR, AEON MALL BDR DATO' ONN, NO.3 JLN DATO' ONN 3, BDR DATO' ONN 81100 JOHOR BAHRU, JOHOR
08/04/2018
Total: 12.00"
data/raw/img\299.jpg,"DE MAXIMUM THAI EXPRESS SDN BHD
BLK 2, UNIT G1 & G2, BESTARI TERRACE, LOT PTD 182908 & PTD 143216, JALAN DANGA, TAMAN NUSA BESTARI, 81300
14/04/2018
Total: 21.80"
data/raw/img\300.jpg,"AEON CO. (M) BHD
3RD FLR, AEON TAMAN MALURI SC JLN JEJAKA, TAMAN MALURI CHERAS, 55100 KUALA LUMPUR
18/04/2018
Total: 1.75"
data/raw/img\301.jpg,"AEON CO. (M) SDN BHD
3RD FLR, AEON TAMAN MALURI SC JLN JEJAKA, TAMAN MALURI CHERAS, 55100 KUALA LUMPUR
22/04/2018
Total: 10.20"
data/raw/img\302.jpg,"AEON CO. (M) BHD
3RD FLR, AEON TAMAN MALURI SC JLN JEJAKA, TAMAN MALURI CHERAS, 55100 KUALA LUMPUR
22/04/2018
Total: 98.35"
data/raw/img\303.jpg,"DOMINO'S PIZZA
DOMINO'S PIZZA TAMAN UNIVERSITI 30, JLN KEBUDAYAAN 7, TMN UNIVERSITI 81300 SKUDAI, JOHOR
28/04/18
Total: 30.90"
data/raw/img\304.jpg,"DOMINO'S PIZZA
DOMINO'S PIZZA TAMAN UNIVERSITI 30, JLN KEBUDAYAAN 7, TMN UNIVERSITI 81300 SKUDAI, JOHOR
28/04/18
Total: 39.60"
data/raw/img\305.jpg,"YHM AEON TEBRAU CITY
S117, SECOND FLOOR, AEON TEBRAU CITY, 1, JALAN DESA TEBRAU, TAMAN DESA TEBRAU, 81100 JOHOR BAHRU, JOHOR.
17/04/2018
Total: 81.80"
data/raw/img\306.jpg,"THE TOAST F&B SDN BHD
LOT 2110&2111 JALAN PERMAS UTARA BANDAR BARU PERMAS 81750 JOHOR BAHRU JOHOR
08/04/2018
Total: 18.90"
data/raw/img\307.jpg,"AEON CO. (M) BHD
3RD FLR, AEON TAMAN MALURI SC JLN JEJAKA, TAMAN MALURI CHERAS, 55100 KUALA LUMPUR
20/04/2018
Total: 46.55"
data/raw/img\308.jpg,"AEON CO. (M) BHD
3RD FLR, AEON TAMAN MALURI SC JLN JEJAKA, TAMAN MALURI CHERAS, 55100 KUALA LUMPUR
12/04/2018
Total: 4.40"
data/raw/img\309.jpg,"PASARAYA JALAL SDN BHD
10-18,JLN KEBUDAYAAN 16,TMN U 81300 JOHOR BAHRU.
20/04/2018
Total: 6.40"
data/raw/img\310.jpg,"DOMINO'S PIZZA
DOMINO'S PIZZA PERMAS JAYA NO.12, JALAN PERMAS JAYA 10, BANDAR BARU PERMAS JAYA, 81750 MASAI JOHOR
27/04/18
Total: 7.20"
data/raw/img\311.jpg,"AEON CO. (M) BHD
3RD FLR, AEON TAMAN MALURI SC JLN JEJAKA, TAMAN MALURI CHERAS, 55100 KUALA LUMPUR
01/04/2018
Total: 122.80"
data/raw/img\312.jpg,"GUARDIAN HEALTH AND BEAUTY SDN BHD
JALAN LOKE YEW BENTONG 90 GROUND FLOOR JALAN BENTONG
19/05/18
Total: 38.37"
data/raw/img\313.jpg,"TF VALUE-MART SDN BHD
JALAN TRAS BATU 1 28700 BENTONG PAHANG DARUL MAKMUR.
19/05/18
Total: 52.80"
data/raw/img\314.jpg,"CHECKERS HYPERMARKET SDN BHD (JALAN KLANG LAMA)
LOT 2942 & 2945, JLN SERI SENTOSA 8, SERI SENTOSA, OFF JLN KLANG LAMA, 58000 KUALA LUMPUR.
20180428
Total: 20.00"
data/raw/img\315.jpg,"BERRY'S CAKE HOUSE
NO.1, JLN PUTERI 1/6, BANDAR PUTERI, 47100 PUCHONG, SELANGOR
18/04/2018
Total: 11.25"
data/raw/img\316.jpg,"WESTERN EASTERN STATIONERY SDN. BHD
42-46, JLN SULTAN AZLAN SHAH 51200 KUALA LUMPUR
30-04-2018
Total: 1.38"
data/raw/img\317.jpg,"WESTERN EASTERN ST TIONERY SDN. BHD
42-46, JLN SULTAN AZLAN SHAH 51200 KUALA LUMPUR
16-04-2018
Total: RM5.00"
data/raw/img\318.jpg,"GHEE HIANG GH DISTRIBUTOR & MARKETING SDN BHD
95, BEACH ROAD, 10300 PENANG. 10400 PENANG.
13/04/2018
Total: 25.00"
data/raw/img\319.jpg,"MENTAI INITIAL SDN BHD
NO.37-1, PLAZA DANAU DESA 2, JALAN 109F, TAMAN DANAU DESA, 58100 KUALA LUMPUR.
21-04-2018
Total: 41.50"
data/raw/img\320.jpg,"THE ROTI MAN BAKERY
117, JALAN RADIN BAGUS, SRI PETALING
04-05-2018
Total: RM20.40"
data/raw/img\321.jpg,"HAXINCONE RESOURCES SDN BHD
16A, JALAN ASTAKA U8/83, BUKIT JELUTONG 40150 SHAH ALAN, SELANGOR D.E.
20/04/2018
Total: 3.70"
data/raw/img\322.jpg,"FAMILYMART
NO 16A, JALAN ASTAKA U8/83, BUKIT JELUTONG. 40150 SHAH ALAM, SELANGOR, D.E.
16/04/2018
Total: 18.80"
data/raw/img\323.jpg,"R&C VENTURE SDN BHD
LOT-18A-2, BERJAYA TIMES SQUARE, KUALA LUMPUR.
19-04-2018
Total: 9.50"
data/raw/img\324.jpg,"SUBANG HEALTHCARE SDN BHD
B-8, JALAN SS15/4D, 47500 SUBANG JAYA, SELANGOR
29/10/2017
Total: 28.90"
data/raw/img\325.jpg,"DIGI TELECOMMUNICATIONS SDN BHD
LOT LG 315, 1-UTAMA SHOPPING CENTRE, LEBUH BANDAR UTAMA-BANDAR UTAMA, PETALING JAYA, 47800 SELANGOR
13/10/2017
Total: 234.40"
data/raw/img\326.jpg,"KHIAM AIK CHAN SDN BHD
NO. 76, JALAN SS15/4B, 47500 SUBANG JAYA, SELANGOR D.E.
25/09/2017
Total: 28.40"
data/raw/img\327.jpg,"SUBANG HEALTHCARE SDN BHD
B-8, JALAN SS15/4D, 47500 SUBANG JAYA, SELANGOR
11/08/2017
Total: 78.10"
data/raw/img\328.jpg,"GARDENIA BAKERIES (KI ) SDN BHD
LOT 3, JALAN PELABUR 23/1, 40300 SHAH ALAM, SELANGOR.
21/07/2017
Total: 33.05"
data/raw/img\329.jpg,"GARDENIA BAKERIES (KL) SDN BHD
LOT 3, JALAN PELABUR 23/1, 40300 SHAH ALAM, SELANGOR.
30/08/2017
Total: 53.14"
data/raw/img\330.jpg,"GARDENIA BAKERIES (KL) SDN BHD
LOT 3, JALAN PELABUR 23/1, 40300 SHAH ALAM, SELANGOR.
30/07/2017
Total: 20.21"
data/raw/img\331.jpg,"GARDENIA BAKERIES (KL) SDN BHD
LOT 3, JALAN PELABUR 23/1, 40300 SHAH ALAM, SELANGOR.
27/07/2017
Total: 94.19"
data/raw/img\332.jpg,"GARDENIA BAKERIES (KL) SDN BHD
LOT 3, JALAN PELABUR 23/1, 40300 SHAH ALAM, SELANGOR.
25/07/2017
Total: 24.83"
data/raw/img\333.jpg,"GARDENIA BAKERIES (KL) SDN BHD
LOT 3, JALAN PELABUR 23/1, 40300 SHAH ALAM, SELANGOR.
24/07/2017
Total: 27.10"
data/raw/img\334.jpg,"GARDENIA BAKERIES (KL) SDN BHD
LOT 3, JALAN PELABUR 23/1, 40300 SHAH ALAM, SELANGOR.
25/08/2017
Total: 36.36"
data/raw/img\335.jpg,"GARDENIA BAKERIES (KL) SDN BHD
LOT 3, JALAN PELABUR 23/1, 40300 SHAH ALAM, SELANGOR.
28/08/2017
Total: 41.44"
data/raw/img\336.jpg,"GARDENIA BAKERIES (KL) SDN BHD
LOT 3, JALAN PELABUR 23/1, 40300 SHAH ALAM, SELANGOR.
24/08/2017
Total: 39.78"
data/raw/img\337.jpg,"GARDENIA BAKERIES (KL) SDN BHD
LOT 3, JALAN PELABUR 23/1, 40300 SHAH ALAM, SELANGOR.
21/08/2017
Total: 73.55"
data/raw/img\338.jpg,"GARDENIA BAKERIES (KL) SDN BHD
LOT 3, JALAN PELABUR 23/1, 40300 SHAH ALAM, SELANGOR.
19/08/2017
Total: 50.60"
data/raw/img\339.jpg,"GARDENIA BAKERIES (KL) SDN BHD
LOT 3, JALAN PELABUR 23/1, 40300 SHAH ALAM, SELANGOR.
17/08/2017
Total: 7.97"
data/raw/img\340.jpg,"GARDENIA BAKERIES (KL) SDN BHD
LOT 3, JALAN PELABUR 23/1, 40300 SHAH ALAM, SELANGOR.
06/08/2017
Total: 68.41"
data/raw/img\341.jpg,"MAKASSAR FRESH MARKET S/B
GROUND FLOOR, NO. 4 & 6, JALAN SS15/4B, 47500 SUBANG JAYA, SELANGOR.
05-AUG-2017
Total: RM40.00"
data/raw/img\342.jpg,"GARDENIA BAKERIES (KL) SDN BHD
LOT 3, JALAN PELABUR 23/1, 40300 SHAH ALAM, SELANGOR.
05/08/2017
Total: 19.31"
data/raw/img\343.jpg,"GARDENIA BAKERIES (KL) SDN BHD
LOT 3, JALAN PELABUR 23/1, 40300 SHAH ALAM, SELANGOR.
03/08/2017
Total: 51.88"
data/raw/img\344.jpg,"GARDENIA BAKERIES (KL) SDN BHD
LOT 3, JALAN PELABUR 23/1, 40300 SHAH ALAM, SELANGOR.
05/09/2017
Total: 54.15"
data/raw/img\345.jpg,"GARDENIA BAKERIES (KL) SDN BHD
LOT 3, JALAN PELABUR 23/1, 40300 SHAH ALAM, SELANGOR.
03/09/2017
Total: 29.59"
data/raw/img\346.jpg,"GARDENIA BAKERIES (KL) SDN BHD
LOT 3, JALAN PELABUR 23/1, 40300 SHAH ALAM, SELANGOR.
30/09/2017
Total: 26.80"
data/raw/img\347.jpg,"GARDENIA BAKERIES (KL) SDN BHD
LOT 3, JALAN PELABUR 23/1, 40300 SHAH ALAM, SELANGOR.
29/09/2017
Total: -1.73"
data/raw/img\348.jpg,"GARDENIA BAKERIES (KL) SDN BHD
LOT 3, JALAN PELABUR 23/1, 40300 SHAH ALAM, SELANGOR.
28/09/2017
Total: 48.04"
data/raw/img\349.jpg,"GARDENIA BAKERIES (KL) SDN BHD
LOT 3, JALAN PELABUR 23/1, 40300 SHAH ALAM, SELANGOR.
25/09/2017
Total: 36.55"
data/raw/img\350.jpg,"PINGHWAI TRADING SDN BHD
NO.2, JALAN METRO PERDANA TIMUR 11, KEPONG ENTERPRENUERS PARK, OFF JALAN KEPONG, 52100 KUALA LUMPUR.
23/09/2017
Total: 1,007.50"
data/raw/img\351.jpg,"PINGHWAI TRADING SDN BHD
NO.2, JALAN METRO PERDANA TIMUR 11, KEPONG ENTERPRENUERS PARK, OFF JALAN KEPONG, 52100 KUALA LUMPUR.
30/09/2017
Total: 616.60"
data/raw/img\352.jpg,"GARDENIA BAKERIES (KL) SDN BHD
LOT 3, JALAN PELABUR 23/1, 40300 SHAH ALAM, SELANGOR.
19/09/2017
Total: 22.58"
data/raw/img\353.jpg,"GARDENIA BAKERIES (KL) SDN BHD
LOT 3, JALAN PELABUR 23/1, 40300 SHAH ALAM, SELANGOR.
18/09/2017
Total: 5.90"
data/raw/img\354.jpg,"GARDENIA BAKERIES (KL) SDN BHD
LOT 3, JALAN PELABUR 23/1, 40300 SHAH ALAM, SELANGOR.
17/09/2017
Total: 40.18"
data/raw/img\355.jpg,"GARDENIA BAKERIES (KL) SDN BHD
LOT 3, JALAN PELABUR 23/1, 40300 SHAH ALAM, SELANGOR.
16/09/2017
Total: 3.21"
data/raw/img\356.jpg,"GARDENIA BAKERIES (KL) SDN BHD
LOT 3, JALAN PELABUR 23/1, 40300 SHAH ALAM, SELANGOR.
11/09/2017
Total: 65.50"
data/raw/img\357.jpg,"GARDENIA BAKERIES (KL) SDN BHD
LOT 3, JALAN PELABUR 23/1, 40300 SHAH ALAM, SELANGOR.
08/09/2017
Total: 23.20"
data/raw/img\358.jpg,"GARDENIA BAKERIES (KL) SDN BHD
LOT 3, JALAN PELABUR 23/1, 40300 SHAH ALAM, SELANGOR.
30/10/2017
Total: 62.60"
data/raw/img\359.jpg,"GARDENIA BAKERIES (KL) SDN BHD
LOT 3, JALAN PELABUR 23/1, 40300 SHAH ALAM, SELANGOR.
20/10/2017
Total: 14.79"
data/raw/img\360.jpg,"GARDENIA BAKERIES (KL) SDN BHD
LOT 3, JALAN PELABUR 23/1, 40300 SHAH ALAM, SELANGOR.
24/10/2017
Total: 41.87"
data/raw/img\361.jpg,"GARDENIA BAKERIES (KL) SDN BHD
LOT 3, JALAN PELABUR 23/1, 40300 SHAH ALAM, SELANGOR.
18/10/2017
Total: 31.05"
data/raw/img\362.jpg,"GARDENIA BAKERIES (KL) SDN BHD
LOT 3, JALAN PELABUR 23/1, 40300 SHAH ALAM, SELANGOR.
23/10/2017
Total: 39.87"
data/raw/img\363.jpg,"GARDENIA BAKERIES (KL) SDN BHD
LOT 3, JALAN PELABUR 23/1, 40300 SHAH ALAM, SELANGOR.
29/10/2017
Total: 58.86"
data/raw/img\364.jpg,"GARDENIA BAKERIES (KL) SDN BHD
LOT 3, JALAN PELABUR 23/1, 40300 SHAH ALAM, SELANGOR.
25/10/2017
Total: 35.01"
data/raw/img\365.jpg,"GARDENIA BAKERIES (KL) SDN BHD
LOT 3, JALAN PELABUR 23/1, 40300 SHAH ALAM, SELANGOR.
22/10/2017
Total: 34.21"
data/raw/img\366.jpg,"GARDENIA BAKERIES (KL) SDN BHD
LOT 3, JALAN PELABUR 23/1, 40300 SHAH ALAM, SELANGOR.
19/10/2017
Total: 68.63"
data/raw/img\367.jpg,"GARDENIA BAKERIES (KL) SDN BHD
LOT 3, JALAN PELABUR 23/1, 40300 SHAH ALAM, SELANGOR.
17/10/2017
Total: 110.46"
data/raw/img\368.jpg,"GARDENIA BAKERIES (KL) SDN BHD
LOT 3, JALAN PELABUR 23/1, 40300 SHAH ALAM, SELANGOR.
15/10/2017
Total: 23.56"
data/raw/img\369.jpg,"GARDENIA BAKERIES (KL) SDN BHD
LOT 3, JALAN PELABUR 23/1, 40300 SHAH ALAM, SELANGOR.
14/10/2017
Total: 33.80"
data/raw/img\370.jpg,"GARDENIA BAKERIES (KL) SDN BHD
LOT 3, JALAN PELABUR 23/1, 40300 SHAH ALAM, SELANGOR.
12/10/2017
Total: 59.54"
data/raw/img\371.jpg,"GARDENIA BAKERIES (KL) SDN BHD
LOT 3, JALAN PELABUR 23/1, 40300 SHAH ALAM, SELANGOR.
10/10/2017
Total: 27.20"
data/raw/img\372.jpg,"GARDENIA BAKERIES (KL) SDN BHD
LOT 3, JALAN PELABUR 23/1, 40300 SHAH ALAM, SELANGOR.
09/10/2017
Total: 60.24"
data/raw/img\373.jpg,"GARDENIA BAKERIES (KL) SDN BHD
LOT 3, JALAN PELABUR 23/1, 40300 SHAH ALAM, SELANGOR.
08/10/2017
Total: 46.06"
data/raw/img\374.jpg,"GARDENIA BAKERIES (KL) SDN BHD
LOT 3, JALAN PELABUR 23/1, 40300 SHAH ALAM, SELANGOR.
05/10/2017
Total: 51.42"
data/raw/img\375.jpg,"GARDENIA BAKERIES (KL) SDN BHD
LOT 3, JALAN PELABUR 23/1, 40300 SHAH ALAM, SELANGOR.
01/10/2017
Total: 31.32"
data/raw/img\376.jpg,"GARDENIA BAKERIES (KL) SDN BHD
LOT 3, JALAN PELABUR 23/1, 40300 SHAH ALAM, SELANGOR.
26/10/2017
Total: 54.19"
data/raw/img\377.jpg,"MR. D.I.Y. (M) SDN BHD
LOT 1851 -A & 1851-B, JALAN KPB 6, KAWASAN PERINDUSTRIAN BALAKONG, 43300 SERI KEMBANGAN, SELANGOR
06-04-16
Total: RM 8.60"
data/raw/img\378.jpg,"MR. D.I.Y. (KUCHAI) SDN BHD
LOT 1851-A & 1851-B, JALAN KPB 6, KAWASAN PERINDUSTRIAN BALAKONG, 43300 SERI KEMBANGAN, SELANGOR
17-04-16
Total: RM 3.30"
data/raw/img\379.jpg,"MR. D.I.Y. (KUCHAI) SDN BHD
LOT 1851-A & 1851-B, JALAN KPB 6, KAWASAN PERINDUSTRIAN BALAKONG, 43300 SERI KEMBANGAN, SELANGOR
17-04-16
Total: RM 22.90"
data/raw/img\380.jpg,"99 SPEED MART S/B
LOT P.T. 2811, JALAN ANGSA, TAMAN BERKELEY 41150 KLANG, SELANGOR 1320-TMN BATU
14-12-16
Total: 61.65"
data/raw/img\381.jpg,"COSWAY (M) SDN BHD
2ND FLOOR, WISMA COSWAY, JALAN RAJA CHULAN, 50200 KUALA LUMPUR, MALAYSIA.
(06/12/2016)
Total: RM111.90"
data/raw/img\382.jpg,"HAI-O RAYA BHD
LOT 11995, BATU 2, JALAN KAPAR 41400 KLANG, SELANGOR
15/12/2016
Total: 47.70"
data/raw/img\383.jpg,"GREEN LANE PHARMACY SDN BHD
33 JLN BANGAU 1,KEPONG BARU, 52100 KEPONG,KL
12/13/2016
Total: 180.10"
data/raw/img\384.jpg,"99 SPEED MART S/B
LOT P.T. 2811, JALAN ANGSA, TAMAN BERKELEY 41150 KLANG, SELANGOR 1558-TMN PUSAT KEPONG
21-11-16
Total: 31.80"
data/raw/img\385.jpg,"99 SPEED MART S/B
LOT P.T. 2811, JALAN ANGSA, TAMAN BERKELEY 41150 KLANG, SELANGOR 1558-TMN PUSAT KEPONG
05-12-16
Total: 15.90"
data/raw/img\386.jpg,"GUARDIAN HEALTH AND BEAUTY SDN BHD
LOT F/L2A.4, LEVEL 2A FIRST WORLD PLAZA, FIRST WORLD
11/02/16
Total: 2.56"
data/raw/img\387.jpg,"99 SPEED MART S/B
LOT P.T. 33198, BATU 4 JALAN KAPAR, MUKIM KAPAR 42100 KLANG, SELANGOR 1320-TMN BATU
03-02-16
Total: 82.80"
data/raw/img\388.jpg,"CHEF LEE SDN BHD
LG226, LGF, 1 UTAMA SHOPPING CENTRE, LEBUH BANDAR UTAMA, 47800 PETALING JAYA.
13-02-2016
Total: RM96.20"
data/raw/img\389.jpg,"MR. D.I.Y. (M) SDN BHD
LOT 1851-A & 1851-B, JALAN KPB 6, KAWASAN PERINDUSTRIAN BALAKONG, 43300 SERI KEMBANGAN, SELANGOR
25-01-16
Total: RM 21.00"
data/raw/img\390.jpg,"MR. D.I.Y. (KUCHAI) SDN BHD
LOT 1851-A & 1851-B, JALAN KPB 6, KAWASAN PERINDUSTRIAN BALAKONG, 43300 SERI KEMBANGAN, SELANGOR
24-01-16
Total: RM 57.40"
data/raw/img\391.jpg,"99 SPEED MART S/B
LOT P.T. 33198, BATU 4 JALAN KAPAR, MUKIM KAPAR 42100 KLANG, SELANGOR 1181-TMN SRI SINAR
24-01-16
Total: 13.60"
data/raw/img\392.jpg,"MR. D.I.Y. (M) SDN BHD
LOT 1851-A & 1851-B, JALAN KPB 6, KAWASAN PERINDUSTRIAN BALAKONG, 43300 SERI KEMBANGAN, SELANGOR
08-01-16
Total: RM 64.70"
data/raw/img\393.jpg,"GOLDEN ARCHES RESTAURANTS SDN BHD
LEVEL 6, BANGUNAN TH, DAMANSARA UPTOWN3 NO.3, JALAN SS21/39,47400 PETALING JAYA SELANGOR
24/07/2016
Total: 28.20"
data/raw/img\394.jpg,"99 SPEED MART S/B
LOT P.T. 33198, BATU 4 JALAN KAPAR, MUKIM KAPAR 42100 KLANG, SELANGOR 1558-TMN PUSAT KEPONG
30-06-16
Total: 27.30"
data/raw/img\395.jpg,"YAM FRESH
NO.145G, JALAN RIMBUNAN RAYA 1, LAMAN RIMBUNAN KEPONG, 52100 KUALA LUMPUR
2016-07-31
Total: RM8.35"
data/raw/img\396.jpg,"FOUR QUARTERS SDN BHD
NO.128G JLN SS21/35 DAMANSARA UTAMA PETALING JAYA 47400 SELANGOR
06/07/16
Total: 43.90"
data/raw/img\397.jpg,"ECOSWAY.COM SDN BHD
2ND FLOOR, WISMA COSWAY, JALAN RAJA CHULAN, 50200 KUALA LUMPUR, MALAYSIA.
29/07/2016
Total: RM78.30"
data/raw/img\398.jpg,"99 SPEED MART S/B
LOT P.T. 33198, BATU 4 JALAN KAPAR, MUKIM KAPAR 42100 KLANG, SELANGOR 1174-PERMATA MAGNA
04-06-16
Total: 2.10"
data/raw/img\399.jpg,"MR. D.I.Y. (KUCHAI) SDN BHD
LOT 1851-A & 1851-B, JALAN KPB 6, KAWASAN PERINDUSTRIAN BALAKONG, 43300 SERI KEMBANGAN, SELANGOR
07-06-16
Total: RM 13.30"
data/raw/img\400.jpg,"SIN THYE & COMPANY
NO.54, BATU 5,JALAN IPOH, KG.BATU, 51200 KUALA LUMPUR
28/02/2016
Total: 110.00"
data/raw/img\401.jpg,"MR. D.I.Y. (KUCHAI) SDN BHD
LOT 1851-A & 1851-B, JALAN KPB 6, KAWASAN PERINDUSTRIAN BALAKONG, 43300 SERI KEMBANGAN, SELANGOR
22-04-16
Total: RM 12.50"
data/raw/img\402.jpg,"NADEJE PLATINUM SDN BHD
GK 101,GND FLR,ONE UTAMA SHOPPING CENTRE NO.1,LEBUH BANDAR UTAMA, 47800 PETALING JAYA, SELANGOR.
2016/05/01
Total: RM51.30"
data/raw/img\403.jpg,"MR. D.I.Y. (M) SDN BHD
LOT 1851-A & 1851-B, JALAN KPB 6, KAWASAN PERINDUSTRIAN BALAKONG, 43300 SERI KEMBANGAN, SELANGOR
22-04-16
Total: RM 68.10"
data/raw/img\404.jpg,"ANEKA INTERTRADE MARKETING SDN BHD
LOT NO2, JALAN UTARID U5/13, SEKSYEN U5, 40150 SNAH ALAM, SELANGOR DARUL EHSAN, MALAYSIA
19/05/16
Total: 6.85"
data/raw/img\405.jpg,"99 SPEED MART S/B
LOT P.T. 33198, BATU 4 JALAN KAPAR, MUKIM KAPAR 42100 KLANG, SELANGOR 1605-TMN SRI BINTANG
11-05-16
Total: 177.20"
data/raw/img\406.jpg,"MR. D.I.Y. (M) SDN BHD
LOT 1851-A & 1851-B, JALAN KPB 6, KAWASAN PERINDUSTRIAN BALAKONG, 43300 SERI KEMBANGAN, SELANGOR
22-05-16
Total: RM 21.50"
data/raw/img\407.jpg,"BEST DENKI MALAYSIA
LOT LG 26, SUBANG PARADE NO.5, JALAN SS16/1 47500 SUBANG JAYA, SELANGOR
01/05/16
Total: 89.00"
data/raw/img\408.jpg,"EDEN IMPRESSION SDN BHD
LOT NO : 20, LEVEL UG1, PUBLIKA SOLARIS DUTAMAS. NO 1, JALAN DUTAMAS, 50480 KL
20/10/2016
Total: RM9.75"
data/raw/img\409.jpg,"UROKO JAPANESE CUISINE SDN BHD
22A-1, JALAN 17/54, SECTION 17, 46400 PETALING JAYA, SELANGOR.
14/05/2018
Total: 87.10"
data/raw/img\410.jpg,"FTOF NOODLE HOUSE
NO.25, JALAN METRO PERDANA BARAT 2, TAMAN USAHAWAN KEPONG, KEPONG UTARA, 52100 KUALA LUMPUR.
21/05/2018
Total: RM31.60"
data/raw/img\411.jpg,"EIGHT OUNCE COFFEE CO.
F.K06, FIRST FLOOR, THE GARDENS MALL, MID VALLEY CITY, LINGKARAN SYED PUTRA, 59200 KUALA LUMPUR.
24-05-2018
Total: 39.90"
data/raw/img\412.jpg,"SKCA HARDWARE & TIMBER SDN. BHD.
LOT 204 & 205, JALAN BATU 12 1/4, KG. DUSUN NANDING, 43100 HULU LANGAT, SELANGOR DARUL EHSAN.
01-NOV-2017
Total: 142.00"
data/raw/img\413.jpg,"ANN GIAP TRADING SDN BHD
NO. 135, JALAN BANGI, 43500 SEMENYIH, SELANGOR
30-09-2017
Total: 66.00"
data/raw/img\414.jpg,"KEDAI UHAT DAN RUNCIT CHONG HWA
3, JALAN PERDANA 5, TAMAN INDAH PERDANA, KEPONG, 52100 KL.
OCT 3, 2016
Total: RM33.90"
data/raw/img\415.jpg,"99 SPEED MART S/B
LOT P.T. 2811, JALAN ANGSA, TAMAN BERKELEY 41150 KLANG, SELANGOR 1243-JLN PUDU ULU
14-08-17
Total: 14.40"
data/raw/img\416.jpg,"GUARDIAN HEALTH AND BEAUTY SDN BHD
LOT B-005-006, BASEMENT LEVEL 1 THE STARLING MALL JALAN SS21/60, DAMANSARA UTAMA.
07/07/17
Total: 13.78"
data/raw/img\417.jpg,"K STATIONERY & OFFICE SUPPLIES
NO.9, JALAN MANIS 3, TAMAN SEGAR CHERAS, 56100 KUALA LUMPUR.
15/07/2017
Total: 148.00"
data/raw/img\418.jpg,"MPH BOOKSTORES SDN BHD
LOT S319, 2ND FLOOR, 1 UTAMA SHOPPING CENTRE, NO1, LEBUH BANDAR UTAMA,47800 P.JAYA
11/12/2017
Total: 31.45"
data/raw/img\419.jpg,"BECON STATIONER BECON ENTERPRISE SDN BHD
NO.41G, JLN SS21/60, DAMANSARA UTAMA, 47400 PJ, SELANGOR.
13-09-2017
Total: 247.55"
data/raw/img\420.jpg,"GUARDIAN HEALTH AND BEAUTY SDN BHD
NO 15 JALAN BANDAR RAWANG 10 BANDAR BARU RAWANG
18/05/18
Total: 2.28"
data/raw/img\421.jpg,"GUARDIAN HEALTH AND BEAUTY SDN BHD
NO 15 JALAN BANDAR RAWANG 10 BANDAR BARU RAWANG
24/05/18
Total: 4.50"
data/raw/img\422.jpg,"ECO-SHOP MARKETING SDN BHD
LOT F1-01, 6, JALAN 8/27A, SEKSYEN 5 WANGSA MAJU, 53300 KUALA LUMPUR, WILAYAH PERSEKUTUAN KUALA LUMPUR, MALAYSIA.
26/02/2018
Total: 16.30"
data/raw/img\423.jpg,"DE MAXIMUM THAI EXPRESS SDN BHD
BLK 2, UNIT G1 & G2, BESTARI TERRACE, LOT PTD 182908 & PTD 143216, JALAN DANGA, TAMAN NUSA BESTARI, 81300
17/05/2018
Total: 30.70"
data/raw/img\424.jpg,"UNIHAKKA INTERNATIONAL SDN BHD
12, JALAN TAMPOI 7/4,KAWASAN PERINDUSTRIAN TAMPOI,81200 JOHOR BAHRU,JOHOR
15 MAY 2018
Total: $8.20"
data/raw/img\425.jpg,"UNIHAKKA INTERNATIONAL SDN BHD
12, JALAN TAMPOI 7/4,KAWASAN PERINDUSTRIAN TAMPOI,81200 JOHOR BAHRU,JOHOR
30 MAY 2018
Total: $8.70"
data/raw/img\426.jpg,"AEON CO. (M) BHD
3RD FLR, AEON TAMAN MALURI SC JLN JEJAKA, TAMAN MALURI CHERAS, 55100 KUALA LUMPUR
27/05/2018
Total: 99.90"
data/raw/img\427.jpg,"AEON CO. (M) BHD
3RD FLR, AEON TAMAN MALURI SC JLN JEJAKA, TAMAN MALURI CHERAS, 55100 KUALA LUMPUR
11/05/2018
Total: 476.80"
data/raw/img\428.jpg,"UNIHAKKA INTERNATIONAL SDN BHD
12, JALAN TAMPOI 7/4,KAWASAN PERINDUSTRIAN TAMPOI,81200 JOHOR BAHRU,JOHOR
16 MAY 2018
Total: $8.20"
data/raw/img\429.jpg,"UNIHAKKA INTERNATIONAL SDN BHD
12, JALAN TAMPOI 7/4,KAWASAN PERINDUSTRIAN TAMPOI,81200 JOHOR BAHRU,JOHOR
14 MAY 2018
Total: $8.90"
data/raw/img\430.jpg,"UNIHAKKA INTERNATIONAL SDN BHD
12, JALAN TAMPOI 7/4,KAWASAN PERINDUSTRIAN TAMPOI,81200 JOHOR BAHRU,JOHOR
07 MAY 2018
Total: $8.70"
data/raw/img\431.jpg,"UNIHAKKA INTERNATIONAL SDN BHD
12, JALAN TAMPOI 7/4,KAWASAN PERINDUSTRIAN TAMPOI,81200 JOHOR BAHRU,JOHOR
10 MAY 2018
Total: $10.30"
data/raw/img\432.jpg,"UNIHAKKA INTERNATIONAL SDN BHD
12, JALAN TAMPOI 7/4,KAWASAN PERINDUSTRIAN TAMPOI,81200 JOHOR BAHRU,JOHOR
09 MAY 2018
Total: $6.60"
data/raw/img\433.jpg,"THE TOAST F&B SDN BHD
LOT 2110&2111 JALAN PERMAS UTARA BANDAR BARU PERMAS 81750 JOHOR BAHRU JOHOR
11/05/2018
Total: 31.00"
data/raw/img\434.jpg,"DE LUXE CIRCLE FRESH MART SDN BHD
NO. 89&91, JALAN UTAMA, TAMAN MUTIA RINI, 81300 SKUDAI, JOHOR.
12/05/18
Total: 12.00"
data/raw/img\435.jpg,"VERBENA CONFECTIONERY SDN BHD
1, JALAN SUTERA TANJUNG 8/4, TMN SUTERA UTAMA, 81300 SKUDAI, JB.
12/05/2018
Total: 75.70"
data/raw/img\436.jpg,"UNIHAKKA INTERNATIONAL SDN BHD
12, JALAN TAMPOI 7/4,KAWASAN PERINDUSTRIAN TAMPOI,81200 JOHOR BAHRU,JOHOR
22 MAY 2018
Total: $11.40"
data/raw/img\437.jpg,"GERBANG ALAF RESTAURANTS SDN BHD
LEVEL 6, BANGUNAN TH, DAMANSARA UPTOWN3 NO.3, JALAN SS21/39,47400 PETA ING JAYA SELANGOR
25/05/2018
Total: 11.10"
data/raw/img\438.jpg,"UNIHAKKA INTERNATIONAL SDN BHD
12, JALAN TAMPOI 7/4,KAWASAN PERINDUSTRIAN TAMPOI,81200 JOHOR BAHRU,JOHOR
24 MAY 2018
Total: $8.40"
data/raw/img\439.jpg,"UNIHAKKA INTERNATIONAL SDN BHD
12, JALAN TAMPOI 7/4,KAWASAN PERINDUSTRIAN TAMPOI,81200 JOHOR BAHRU,JOHOR
27 MAY 2018
Total: $10.70"
data/raw/img\440.jpg,"DOMINO'S PIZZA TAMAN UNIVERSITI
30, JLN KEBUDAYAAN 7, TMN UNIVERSITI 81300 SKUDAI, JOHOR
08/05/18
Total: 6.70"
data/raw/img\441.jpg,"MR. D.I.Y. (M) SDN BHD
LOT 1851-A & 1851-B, JALAN KPB 6, KAWASAN PERINDUSTRIAN BALAKONG, 43300 SERI KEMBANGAN, SELANGOR
06-04-18
Total: RM 31.20"
data/raw/img\442.jpg,"MR. D.I.Y. (M) SDN BHD
LOT 1851-A & 1851-B, JALAN KPB 6, KAWASAN PERINDUSTRIAN BALAKONG, 43300 SERI KEMBANGAN, SELANGOR
11-04-18
Total: RM 9.00"
data/raw/img\443.jpg,"MR. D.I.Y. (M) SDN BHD
LOT 1851-A & 1851-B, JALAN KPB 6, KAWASAN PERINDUSTRIAN BALAKONG, 43300 SERI KEMBANGAN, SELANGOR
19-04-18
Total: RM 15.40"
data/raw/img\444.jpg,"MR. D.I.Y. (M) SDN BHD
LOT 1851-A & 1851-B, JALAN KPB 6, KAWASAN PERINDUSTRIAN BALAKONG, 43300 SERI KEMBANGAN, SELANGOR
19-04-18
Total: RM 34.80"
data/raw/img\445.jpg,"MR. D.I.Y. (M) SDN BHD
LOT 1851-A & 1851-B, JALAN KPB 6, KAWASAN PERINDUSTRIAN BALAKONG, 43300 SERI KEMBANGAN, SELANGOR
19-04-18
Total: RM 34.80"
data/raw/img\446.jpg,"MR. D.I.Y. (M) SDN BHD
LOT 1851-A & 1851-B, JALAN KPB 6, KAWASAN PERINDUSTRIAN BALAKONG, 43300 SERI KEMBANGAN, SELANGOR
25-04-18
Total: 48.10"
data/raw/img\447.jpg,"MR. D.I.Y. (M) SDN BHD
LOT 1851-A & 1851-B, JALAN KPB 6, KAWASAN PERINDUSTRIAN BALAKONG, 43300 SERI KEMBANGAN, SELANGOR
26-04-18
Total: 2.10"
data/raw/img\448.jpg,"MR. D.I.Y. (M) SDN BHD
LOT 1851-A & 1851-B, JALAN KPB 6, KAWASAN PERINDUSTRIAN BALAKONG, 43300 SERI KEMBANGAN, SELANGOR
27-04-18
Total: 38.00"
data/raw/img\449.jpg,"AEON CO. (M) BHD
3RD FLR, AEON TAMAN MALURI SC JLN JEJAKA, TAMAN MALURI CHERAS, 55100 KUALA LUMPUR
28/04/2018
Total: 26.10"
data/raw/img\450.jpg,"MR. D.I.Y. (M) SDN BHD
LOT 1851-A & 1851-B, JALAN KPB 6, KAWASAN PERINDUSTRIAN BALAKONG, 43300 SERI KEMBANGAN, SELANGOR
28-04-18
Total: 53.20"
data/raw/img\451.jpg,"MR. D.I.Y. (M) SDN BHD
LOT 1851-A & 1851-B, JALAN KPB 6, KAWASAN PERINDUSTRIAN BALAKONG, 43300 SERI KEMBANGAN, SELANGOR
30-04-18
Total: 5.00"
data/raw/img\452.jpg,"S&Y STATIONERY
NO. 36G JALAN BULAN BM U5/BM, BANDAR PINGGIRAN SUBANG, SEKSYEN U5, 40150 SHAH ALAM, SELANGOR.
05-JAN-2017
Total: 72.00"
data/raw/img\453.jpg,"99 SPEED MART S/B
LOT P.T. 2811, JALAN ANGSA, TAMAN BERKELEY 41150 KLANG, SELANGOR
07-02-17
Total: 37.45"
data/raw/img\454.jpg,"ENW HARDWARE CENTRE (M) SDN. BHD.
NO: G3, BLK G, JLN PJU 1A/3, ARA DAMANSARA, 47301 PETALING JAYA, SELANGOR DARUL EHSAN.
13/04/2018
Total: 27.00"
data/raw/img\455.jpg,"ENW HARDWARE CENTRE (M) SDN. BHD.
NO: G3, BLK G, JLN PJU 1A/3, ARA DAMANSARA, 47301 PETALING JAYA, SELANGOR DARUL EHSAN.
14/04/2018
Total: 156.00"
data/raw/img\456.jpg,"ENW HARDWARE CENTRE (M) SDN. BHD.
NO: G3, BLK G, JLN PJU 1A/3, ARA DAMANSARA, 47301 PETALING JAYA, SELANGOR DARUL EHSAN.
09/04/2018
Total: 51.00"
data/raw/img\457.jpg,"MR. D.I.Y. (M) SDN BHD
LOT 1851-A & 1851-B, JALAN KPB 6, KAWASAN PERINDUSTRIAN BALAKONG, 43300 SERI KEMBANGAN, SELANGOR
27-04-18
Total: 23.00"
data/raw/img\458.jpg,"KFA SUPPLY
125A TINGKAT BAWAH PT 1961 JALAN MALINJA SITE B 45400 SEKINCHAN SELANGOR
27/05/2018
Total: 11.60"
data/raw/img\459.jpg,"UNIHAKKA INTERNATIONAL SDN BHD
12, JALAN TAMPOI 7/4,KAWASAN PERINDUSTRIAN TAMPOI,81200 JOHOR BAHRU,JOHOR
13 MAY 2018
Total: $8.70"
data/raw/img\460.jpg,"DIMILIKI OLEH T PLUS F&B SDN. BHD.
PARADIGM MALL LOT NO.: 4F-27 & 4FK-38, 4TH FLOOR
11/05/2018
Total: 9.45"
data/raw/img\461.jpg,"UNIHAKKA INTERNATIONAL SDN BHD
12, JALAN TAMPOI 7/4,KAWASAN PERINDUSTRIAN TAMPOI,81200 JOHOR BAHRU,JOHOR
05 MAY 2018
Total: $11.20"
data/raw/img\462.jpg,"DIMILIKI OLEH : DOVE HOLDINGS SDN BHD
LOT S25, AEON TEBRAU CITY JUSCO NO 1, JLN DESA TEBRAU, TMN DESA TEBRAU, 81100 JOHOR BAHRU, JOHOR
26/05/2018
Total: 164.80"
data/raw/img\463.jpg,"OLD TOWN KOPITIAM SDN BHD
NO,35, JALAN KEBUDAYAAN 8, TAMAN UNIVERSITY,81300 SKUDAI, JOHOR
05 MAY 18
Total: 28.50"
data/raw/img\464.jpg,"THE MARCO POLO KITCH BUKIT INDAH
NO 35,JALAN INDAH 15/2,BUKIT INDAH 81200 JOHOR BAHRU,JOHOR
06/05/2018
Total: 15.15"
data/raw/img\465.jpg,"WARAKUYA PERMAS CITY SDN BHD
JALAN PERMAS UTARA 1, PERMAS JAYA 81750 MASAI JOHOR
07/05/2018
Total: 24.40"
data/raw/img\466.jpg,"GERBANG ALAF RESTAURANTS SDN BHD
LEVEL 6, BANGUNAN TH, DAMANSARA UPTOWN3 NO.3, JALAN SS21/39,47400 PETALING JAYA SELANGOR
21/05/2018
Total: 70.30"
data/raw/img\467.jpg,"FARMASI LIGAMAS
NO. 47, JALAN MERANTI 1A, BANDAR BARU UTAMA, 44300 BATANG KALI, SELANGOR.
20/05/2018
Total: 25.00"
data/raw/img\468.jpg,"SWC ENTERPRISE SDN BHD
5-7, JALAN MAHAGONI 7/1 SEKSYEN 4, BANDAR UTAMA, 44300 BATANG KALI, SELANGOR
23/03/2018
Total: 41.20"
data/raw/img\469.jpg,"SANYU STATIONERY SHOP
NO. 31G&33G, JALAN SETIA INDAH X ,U13/X 40170 SETIA ALAM
22/05/2017
Total: 35.00"
data/raw/img\470.jpg,"SANYU STATIONERY SHOP
NO. 31G&33G, JALAN SETIA INDAH X ,U13/X 40170 SETIA ALAM
05/09/2017
Total: 14.90"
data/raw/img\471.jpg,"SANYU STATIONERY SHOP
NO. 31G&33G, JALAN SETIA INDAH X ,U13/X 40170 SETIA ALAM
10/04/2017
Total: 8.70"
data/raw/img\472.jpg,"SANYU STATIONERY SHOP
NO. 31G&33G, JALAN SETIA INDAH X ,U13/X 40170 SETIA ALAM
18/04/2017
Total: 8.70"
data/raw/img\473.jpg,"SANYU STATIONERY SHOP
NO. 31G&33G, JALAN SETIA INDAH X ,U13/X 40170 SETIA ALAM
18/04/2017
Total: 3.00"
data/raw/img\474.jpg,"SANYU STATIONERY SHOP
NO. 31G&33G, JALAN SETIA INDAH X ,U13/X 40170 SETIA ALAM
07/05/2017
Total: 43.7"
data/raw/img\475.jpg,"SANYU STATIONERY SHOP
NO. 31G&33G, JALAN SETIA INDAH X ,U13/X 40170 SETIA ALAM
04/04/2017
Total: 14.90"
data/raw/img\476.jpg,"SANYU STATIONERY SHOP
NO. 31G&33G, JALAN SETIA INDAH X ,U13/X 40170 SETIA ALAM
05/07/2017
Total: 2.00"
data/raw/img\477.jpg,"SANYU STATIONERY SHOP
NO. 31G&33G, JALAN SETIA INDAH X ,U13/X 40170 SETIA ALAM
12/08/2017
Total: 3.00"
data/raw/img\478.jpg,"SANYU STATIONERY SHOP
NO. 31G&33G, JALAN SETIA INDAH X ,U13/X 40170 SETIA ALAM
24/05/2017
Total: 5.80"
data/raw/img\479.jpg,"SANYU STATIONERY SHOP
NO. 31G&33G, JALAN SETIA INDAH X ,U13/X 40170 SETIA ALAM
24/07/2017
Total: 5.80"
data/raw/img\480.jpg,"SANYU STATIONERY SHOP
NO. 31G&33G, JALAN SETIA INDAH X ,U13/X 40170 SETIA ALAM
14/12/2017
Total: 36.00"
data/raw/img\481.jpg,"SANYU STATIONERY SHOP
NO. 31G&33G, JALAN SETIA INDAH X ,U13/X 40170 SETIA ALAM
31/10/2017
Total: 3.90"
data/raw/img\482.jpg,"SANYU STATIONERY SHOP
NO. 31G&33G, JALAN SETIA INDAH X ,U13/X 40170 SETIA ALAM
01/11/2017
Total: 33.50"
data/raw/img\483.jpg,"SANYU STATIONERY SHOP
NO. 31G&33G, JALAN SETIA INDAH X ,U13/X 40170 SETIA ALAM
07/11/2017
Total: 2.00"
data/raw/img\484.jpg,"SANYU STATIONERY SHOP
NO. 31G&33G, JALAN SETIA INDAH X ,U13/X 40170 SETIA ALAM
18/11/2017
Total: 9.30"
data/raw/img\485.jpg,"SANYU STATIONERY SHOP
NO. 31G&33G, JALAN SETIA INDAH X ,U13/X 40170 SETIA ALAM
20/09/2017
Total: 12.00"
data/raw/img\486.jpg,"SANYU STATIONERY SHOP
NO. 31G&33G, JALAN SETIA INDAH X ,U13/X 40170 SETIA ALAM
20/10/2017
Total: 8.70"
data/raw/img\487.jpg,"SANYU STATIONERY SHOP
NO. 31G&33G, JALAN SETIA INDAH X ,U13/X 40170 SETIA ALAM
18/09/2017
Total: 12.40"
data/raw/img\488.jpg,"SANYU STATIONERY SHOP
NO. 31G&33G, JALAN SETIA INDAH X ,U13/X 40170 SETIA ALAM
06/09/2017
Total: 8.70"
data/raw/img\489.jpg,"SANYU STATIONERY SHOP
NO. 31G&33G, JALAN SETIA INDAH X ,U13/X 40170 SETIA ALAM
27/10/2017
Total: 8.70"
data/raw/img\490.jpg,"SANYU STATIONERY SHOP
NO. 31G&33G, JALAN SETIA INDAH X ,U13/X 40170 SETIA ALAM
06/11/2017
Total: 8.70"
data/raw/img\491.jpg,"SANYU STATIONERY SHOP
NO. 31G&33G, JALAN SETIA INDAH X ,U13/X 40170 SETIA ALAM
28/12/2017
Total: 46.90"
data/raw/img\492.jpg,"SANYU STATIONERY SHOP
NO. 31G&33G, JALAN SETIA INDAH X ,U13/X 40170 SETIA ALAM
21/03/2017
Total: 10.00"
data/raw/img\493.jpg,"SANYU STATIONERY SHOP
NO. 31G&33G, JALAN SETIA INDAH X ,U13/X 40170 SETIA ALAM
28/03/2017
Total: 16.50"
data/raw/img\494.jpg,"SANYU STATIONERY SHOP
NO. 31G&33G, JALAN SETIA INDAH X ,U13/X 40170 SETIA ALAM
18/07/2017
Total: 35.00"
data/raw/img\495.jpg,"SANYU STATIONERY SHOP
NO. 31G&33G, JALAN SETIA INDAH X ,U13/X 40170 SETIA ALAM
15/07/2017
Total: 8.70"
data/raw/img\496.jpg,"SANYU STATIONERY SHOP
NO. 31G&33G, JALAN SETIA INDAH X ,U13/X 40170 SETIA ALAM
06/07/2017
Total: 4.50"
data/raw/img\497.jpg,"SANYU STATIONERY SHOP
NO. 31G&33G, JALAN SETIA INDAH X ,U13/X 40170 SETIA ALAM
08/07/2017
Total: 8.70"
data/raw/img\498.jpg,"SANYU STATIONERY SHOP
NO. 31G&33G, JALAN SETIA INDAH X ,U13/X 40170 SETIA ALAM
19/07/2017
Total: 5.00"
data/raw/img\499.jpg,"SANYU STATIONERY SHOP
NO. 31G&33G, JALAN SETIA INDAH X ,U13/X 40170 SETIA ALAM
19/07/2017
Total: 5.00"
data/raw/img\500.jpg,"SANYU STATIONERY SHOP
NO. 31G&33G, JALAN SETIA INDAH X ,U13/X 40170 SETIA ALAM
02/12/2017
Total: 8.70"
data/raw/img\501.jpg,"SANYU STATIONERY SHOP
NO. 31G&33G, JALAN SETIA INDAH X ,U13/X 40170 SETIA ALAM
26/11/2017
Total: 9.30"
data/raw/img\502.jpg,"SANYU STATIONERY SHOP
NO. 31G&33G, JALAN SETIA INDAH X ,U13/X 40170 SETIA ALAM
29/11/2017
Total: 33.60"
data/raw/img\503.jpg,"SANYU STATIONERY SHOP
NO. 31G&33G, JALAN SETIA INDAH X ,U13/X 40170 SETIA ALAM
04/12/2017
Total: 3.90"
data/raw/img\504.jpg,"SANYU STATIONERY SHOP
NO. 31G&33G, JALAN SETIA INDAH X ,U13/X 40170 SETIA ALAM
11/12/2017
Total: 7.00"
data/raw/img\505.jpg,"AIK HUAT HARDWARE ENTERPRISE (SETIA ALAM) SDN BHD
NO. 17-G, JALAN SETIA INDAH (X) U13/X, SETIA ALAM, SEKSYEN U13, 40170 SHAH ALAM,
13/07/2017
Total: 4.00"
data/raw/img\506.jpg,"AIK HUAT HARDWARE ENTERPRISE (SETIA ALAM) SDN BHD
NO. 17-G, JALAN SETIA INDAH (X) U13/X, SETIA ALAM, SEKSYEN U13, 40170 SHAH ALAM,
28/09/2017
Total: 14.00"
data/raw/img\507.jpg,"AIK HUAT HARDWARE ENTERPRISE (SETIA ALAM) SDN BHD
NO. 17-G, JALAN SETIA INDAH (X) U13/X, SETIA ALAM, SEKSYEN U13, 40170 SHAH ALAM,
30/03/2017
Total: 6.00"
data/raw/img\508.jpg,"AIK HUAT HARDWARE ENTERPRISE (SETIA ALAM) SDN BHD
NO. 17-G, JALAN SETIA INDAH (X) U13/X, SETIA ALAM, SEKSYEN U13, 40170 SHAH ALAM,
15/11/2017
Total: 16.00"
data/raw/img\509.jpg,"AIK HUAT HARDWARE ENTERPRISE (SETIA ALAM) SDN BHD
NO. 17-G, JALAN SETIA INDAH (X) U13/X, SETIA ALAM, SEKSYEN U13, 40170 SHAH ALAM,
12/09/2017
Total: 30.00"
data/raw/img\510.jpg,"AIK HUAT HARDWARE ENTERPRISE (SETIA ALAM) SDN BHD
NO. 17-G, JALAN SETIA INDAH (X) U13/X, SETIA ALAM, SEKSYEN U13, 40170 SHAH ALAM,
13/12/2017
Total: 24.00"
data/raw/img\511.jpg,"AIK HUAT HARDWARE ENTERPRISE (SETIA ALAM) SDN BHD
NO. 17-G, JALAN SETIA INDAH (X) U13/X, SETIA ALAM, SEKSYEN U13, 40170 SHAH ALAM,
29/12/2017
Total: 7.00"
data/raw/img\512.jpg,"AIK HUAT HARDWARE ENTERPRISE (SETIA ALAM) SDN BHD
NO. 17-G, JALAN SETIA INDAH (X) U13/X, SETIA ALAM, SEKSYEN U13, 40170 SHAH ALAM,
15/09/2017
Total: 24.00"
data/raw/img\513.jpg,"AIK HUAT HARDWARE ENTERPRISE (SETIA ALAM) SDN BHD
NO. 17-G, JALAN SETIA INDAH (X) U13/X, SETIA ALAM, SEKSYEN U13, 40170 SHAH ALAM,
10/05/2017
Total: 16.00"
data/raw/img\514.jpg,"AIK HUAT HARDWARE ENTERPRISE (SETIA ALAM) SDN BHD
NO. 17-G, JALAN SETIA INDAH (X) U13/X, SETIA ALAM, SEKSYEN U13, 40170 SHAH ALAM,
25/12/2017
Total: 2.50"
data/raw/img\515.jpg,"AIK HUAT HARDWARE ENTERPRISE (SETIA ALAM) SDN BHD
NO. 17-G, JALAN SETIA INDAH (X) U13/X, SETIA ALAM, SEKSYEN U13, 40170 SHAH ALAM,
04/09/2017
Total: 28.00"
data/raw/img\516.jpg,"FY EAGLE ENTERPRISE
NO. 42, JALAN PBS 14/11, TAMAN PERINDUSTRIAN BUKIT SERDANG, 43300 SERI KEMBANGAN, SELANGOR
24/05/2018
Total: 52.00"
data/raw/img\517.jpg,"MYNEWS RETAIL SB
UNIT 105, BLOCK A,PUSAT DAGANGAN PHILEO DAMANSARA, NO.9, JALAN 16/11,,46350,PETALING JAYA,SELANGOR
28/06/2018
Total: 6.00"
data/raw/img\518.jpg,"RAPID RAIL SDN BHD
NO.1 JALAN PJU 1A/46, OFF JALAN LAPANGAN TERBANG SUBANG PETALING JAYA SELANGOR 47301
18/06/2018
Total: RM 30.00"
data/raw/img\519.jpg,"ESJAY FUEL ENTERPRISE
LOT PTD 101051 JALAN PERMAS 10/10 81750 MASAI, JOHOR
30-06-2018
Total: 50.00"
data/raw/img\520.jpg,"UNIHAKKA INTERNATIONAL SDN BHD
12, JALAN TAMPOI 7/4,KAWASAN PERINDUSTRIAN TAMPOI,81200 JOHOR BAHRU,JOHOR
04 JUN 2018
Total: RM7.70"
data/raw/img\521.jpg,"MOONLIGHT CAKE HOUSE SDN BHD
NO.1, JALAN PERMAS 10/5, BANDAR BARU PERMAS JAYA 81750 JOHOR BAHRU, JOHOR.
04/06/2018
Total: RM21.85"
data/raw/img\522.jpg,"UNIHAKKA INTERNATIONAL SDN BHD
12, JALAN TAMPOI 7/4,KAWASAN PERINDUSTRIAN TAMPOI,81200 JOHOR BAHRU,JOHOR
09 JUN 2018
Total: RM7.70"
data/raw/img\523.jpg,"UNIHAKKA INTERNATIONAL SDN BHD
12, JALAN TAMPOI 7/4,KAWASAN PERINDUSTRIAN TAMPOI,81200 JOHOR BAHRU,JOHOR
10 JUN 2018
Total: RM8.50"
data/raw/img\524.jpg,"MOONLIGHT CAKE HOUSE SDN BHD
NO.1, JALAN PERMAS 10/5, BANDAR BARU PERMAS JAYA 81750 JOHOR BAHRU, JOHOR.
09/06/2018
Total: RM15.40"
data/raw/img\525.jpg,"AEON CO. (M) BHD
3RD FLR, AEON TAMAN MALURI SC JLN JEJAKA, TAMAN MALURI CHERAS, 55100 KUALA LUMPUR
10/06/2018
Total: 127.35"
data/raw/img\526.jpg,"UNIHAKKA INTERNATIONAL SDN BHD
12, JALAN TAMPOI 7/4,KAWASAN PERINDUSTRIAN TAMPOI,81200 JOHOR BAHRU,JOHOR
12 JUN 2018
Total: RM7.70"
data/raw/img\527.jpg,"UNIHAKKA INTERNATIONAL SDN BHD
12, JALAN TAMPOI 7/4,KAWASAN PERINDUSTRIAN TAMPOI,81200 JOHOR BAHRU,JOHOR
11 JUN 2018
Total: RM6.00"
data/raw/img\528.jpg,"DE LUXE CIRCLE FRESH MART SDN BHD
NO.89&91, JALAN UTAMA, TAMAN MUTIA RINI, 81300 SKUDAI, JOHOR.
02/06/18
Total: 25.85"
data/raw/img\529.jpg,"LEMON TREE RESTAURANT JTJ FOODS SDN BHD
NO 3, JALAN PERMAS 10/8, BANDAR BARU PERMAS JAYA, 81750 MASAI, JOHOR
6/1/2018
Total: 10.30"
data/raw/img\530.jpg,"PASARAYA CINWA SDN BHD
NO.6,8, 10& 12 JALAN PERMAS 4/3 BANDAR BARU PERMAS JAYA, 81750 JOHOR BAHRU,JOHOR.
15/06/2018
Total: 14.20"
data/raw/img\531.jpg,"THE TOAST F&B SDN BHD
LOT 2110&2111 JALAN PERMAS UTARA BANDAR BARU PERMAS 81750 JOHOR BAHRU JOHOR
16/06/2018
Total: 28.15"
data/raw/img\532.jpg,"KEDAI RUNCIT ZBH
NO.17,JALAN PERMAS 1/7, BANDAR BARU PERMAS JAYA,81750,MASAI
01/06/2018
Total: RM43.40"
data/raw/img\533.jpg,"AEON CO. (M) BHD
3RD FLR, AEON TAMAN MALURI SC JLN JEJAKA, TAMAN MALURI CHERAS, 55100 KUALA LUMPUR
12/06/2018
Total: 38.60"
data/raw/img\534.jpg,"GRANDMA HOMES RESTAURANT
NO.3 & 5, JALAN PERMAS 11, BANDAR BARU PERMAS JAYA, 81750 MASAI, JOHOR
13/06/2018
Total: 473.30"
data/raw/img\535.jpg,"UNIHAKKA INTERNATIONAL SDN BHD
12, JALAN TAMPOI 7/4,KAWASAN PERINDUSTRIAN TAMPOI,81200 JOHOR BAHRU, JOHOR
16 JUN 2018
Total: RM7.70"
data/raw/img\536.jpg,"UNIHAKKA INTERNATIONAL SDN BHD
12, JALAN TAMPOI 7/4,KAWASAN PERINDUSTRIAN TAMPOI,81200 JOHOR BAHRU, JOHOR
18 JUN 2018
Total: RM8.20"
data/raw/img\537.jpg,"UNIHAKKA INTERNATIONAL SDN BHD
12, JALAN TAMPOI 7/4,KAWASAN PERINDUSTRIAN TAMPOI,81200 JOHOR BAHRU, JOHOR
20 JUN 2018
Total: RM8.20"
data/raw/img\538.jpg,"MOONLIGHT CAKE HOUSE SDN BHD
NO.1, JALAN PERMAS 10/5, BANDAR BARU PERMAS JAYA 81750 JOHOR BAHRU, JOHOR.
20/06/2018
Total: RM14.20"
data/raw/img\539.jpg,"GERBANG ALAF RESTAURANTS SDN BHD
LEVEL 6, BANGUNAN TH, DAMANSARA UPTOWN3 NO.3, JALAN SS21/39, 47400 PETALING JAYA SELANGOR
24/06/2018
Total: 12.80"
data/raw/img\540.jpg,"UNIHAKKA INTERNATIONAL SDN BHD
12, JALAN TAMPOL 7/4,KAWASAN PERINDUSTRIAN TAMPOI,81200 JOHOR BAHRU,JOHOR
22 JUN 2018
Total: RM8.50"
data/raw/img\541.jpg,"IDEAL MENU GROUP SDN BHD
31,31A, JALAN HANG TUAH 9, TAMAN SKUDAI BARU, 81300 SKUDAI, JOHOR
10/06/2018
Total: 12.00"
data/raw/img\542.jpg,"LAVENDER CONFECTIONERY & BAKERY S/B
LOT G29 & G30, AEON MALL TEBRAU CITY, NO. 1, JALAN DESA TEBRAU, TAMAN DESA TEBRAU, 81100 JOHOR BAHRU.
17/06/2018
Total: 26.50"
data/raw/img\543.jpg,"PASIR EMAS HARDWARE SDN BHD
NO 69, JALAN PENGKALAN 5, TAMAN PASIR EMAS, KG PASIR PUTIH, 81700 PASIR GUDANG, JOHOR.
23/06/18
Total: 36.00"
data/raw/img\544.jpg,"RESTORAN DE COFFEE O
NO 33, 35, G F ,JALAN TEMENGGUNG 3/9, BANDAR MAHKOTA CHERAS, 43200 CHERAS, SELANGOR
03/04/2018
Total: 11.60"
data/raw/img\545.jpg,"RESTORAN WAN SHENG
NO.2, JALAN TEMENGGUNG 19/9, SEKSYEN 9, BANDAR MAHKOTA CHERAS, 43200 CHERAS, SELANGOR
04-04-2018
Total: 7.80"
data/raw/img\546.jpg,"RESTORAN WAN SHENG
NO.2, JALAN TEMENGGUNG 19/9, SEKSYEN 9, BANDAR MAHKOTA CHERAS, 43200 CHERAS, SELANGOR
09-04-2018
Total: 8.60"
data/raw/img\547.jpg,"RESTORAN WAN SHENG
NO.2, JALAN TEMENGGUNG 19/9, SEKSYEN 9, BANDAR MAHKOTA CHERAS, 43200 CHERAS, SELANGOR
26-05-2018
Total: 4.80"
data/raw/img\548.jpg,"RESTORAN WAN SHENG
NO.2, JALAN TEMENGGUNG 19/9, SEKSYEN 9, BANDAR MAHKOTA CHERAS, 43200 CHERAS, SELANGOR
05-05-2018
Total: 19.40"
data/raw/img\549.jpg,"RESTORAN WAN SHENG
NO.2, JALAN TEMENGGUNG 19/9, SEKSYEN 9, BANDAR MAHKOTA CHERAS, 43200 CHERAS, SELANGOR
02-04-2018
Total: 6.70"
data/raw/img\550.jpg,"GERBANG ALAF RESTAURANTS SDN BHD
LEVEL 6, BANGUNAN TH, DAMANSARA UPTOWN3 NO.3, JALAN SS21/39,47400 PETALING JAYA SELANGOR
11/05/2018
Total: 18.90"
data/raw/img\551.jpg,"RESTORAN WAN SHENG
NO.2, JALAN TEMENGGUNG 19/9, SEKSYEN 9, BANDAR MAHKOTA CHERAS, 43200 CHERAS, SELANGOR
06-05-2018
Total: 2.40"
data/raw/img\552.jpg,"RESTORAN WAN SHENG
NO.2, JALAN TEMENGGUNG 19/9, SEKSYEN 9, BANDAR MAHKOTA CHERAS, 43200 CHERAS, SELANGOR
06-05-2018
Total: 5.00"
data/raw/img\553.jpg,"SANG KEE CHERAS RESTAURANT
69, JALAN TEMENGGUNG 3/9 BANDAR MAHKOTA CHERAS 43200 CHERAS SELANGOR
03/05/2018
Total: 2.50"
data/raw/img\554.jpg,"MR. D.I.Y. (M) SDN BHD
LOT 1851-A & 1851-B, JALAN KPB 6, KAWASAN PERINDUSTRIAN BALAKONG, 43300 SERI KEMBANGAN, SELANGOR
28-05-18
Total: 2.70"
data/raw/img\555.jpg,"MR. D.I.Y. (M) SDN BHD
LOT 1851-A & 1851-B, JALAN KPB 6, KAWASAN PERINDUSTRIAN BALAKONG, 43300 SERI KEMBANGAN, SELANGOR
03-05-18
Total: 69.20"
data/raw/img\556.jpg,"RESTORAN WAN SHENG
NO.2, JALAN TEMENGGUNG 19/9, SEKSYEN 9, BANDAR MAHKOTA CHERAS, 43200 CHERAS, SELANGOR
30-06-2018
Total: 4.20"
data/raw/img\557.jpg,"RESTORAN WAN SHENG
NO.2, JALAN TEMENGGUNG 19/9, SEKSYEN 9, BANDAR MAHKOTA CHERAS, 43200 CHERAS, SELANGOR
23-06-2018
Total: 4.60"
data/raw/img\558.jpg,"RESTORAN WAN SHENG
NO.2, JALAN TEMENGGUNG 19/9, SEKSYEN 9, BANDAR MAHKOTA CHERAS, 43200 CHERAS, SELANGOR
18-06-2018
Total: 6.50"
data/raw/img\559.jpg,"RESTORAN WAN SHENG
NO.2, JALAN TEMENGGUNG 19/9, SEKSYEN 9, BANDAR MAHKOTA CHERAS, 43200 CHERAS, SELANGOR
12-06-2018
Total: 4.60"
data/raw/img\560.jpg,"RESTORAN WAN SHENG
NO.2, JALAN TEMENGGUNG 19/9, SEKSYEN 9, BANDAR MAHKOTA CHERAS, 43200 CHERAS, SELANGOR
09-06-2018
Total: 4.80"
data/raw/img\561.jpg,"PAPPARICH BMC
NO.19 & 21 JALAN TEMENGGUNG 23/9 BANDAR MAHKOTA CHERAS 43200 SELANGOR DARUL EHSAN, MALAYSIA
15 JUN 18
Total: 17.22"
data/raw/img\562.jpg,"10 GRAM GOURMET SBN BHD
NO 3, JALAN TEMENGGUNG 27/9 BANDAR MAHKOTA CHERAS, 43200 SELANGOR.
11-06-2018
Total: 15.00"
data/raw/img\563.jpg,"LEONG HENG SHELL SERVICE STATION
LOT 26151 BANDAR SG LONG, 11 1/4 MILES CHERAS, 43000 KAJANG, SELANGOR
20/06/18
Total: 50.00"
data/raw/img\564.jpg,"PROSPER NIAGA
LOT PT 1138 ,PT 33122, BANDAR MAHKOTA CHERAS 43200 CHERAS, SELANGOR
26/06/18
Total: 100.00"
data/raw/img\565.jpg,"RESTORAN WAN SHENG
NO.2, JALAN TEMENGGUNG 19/9, SEKSYEN 9, BANDAR MAHKOTA CHERAS, 43200 CHERAS, SELANGOR
01-06-2018
Total: 4.80"
data/raw/img\566.jpg,"RESTORAN WAN SHENG
NO.2, JALAN TEMENGGUNG 19/9, SEKSYEN 9, BANDAR MAHKOTA CHERAS, 43200 CHERAS, SELANGOR
04-06-2018
Total: 6.70"
data/raw/img\567.jpg,"RESTORAN WAN SHENG
NO.2, JALAN TEMENGGUNG 19/9, SEKSYEN 9, BANDAR MAHKOTA CHERAS, 43200 CHERAS, SELANGOR
26-06-2018
Total: 4.60"
data/raw/img\568.jpg,"RESTORAN WAN SHENG
NO.2, JALAN TEMENGGUNG 19/9, SEKSYEN 9, BANDAR MAHKOTA CHERAS, 43200 CHERAS, SELANGOR
26-06-2018
Total: 4.10"
data/raw/img\569.jpg,"RESTORAN WAN SHENG
NO.2, JALAN TEMENGGUNG 19/9, SEKSYEN 9, BANDAR MAHKOTA CHERAS, 43200 CHERAS, SELANGOR
11-06-2018
Total: 7.80"
data/raw/img\570.jpg,"RESTORAN WAN SHENG
NO.2, JALAN TEMENGGUNG 19/9, SEKSYEN 9, BANDAR MAHKOTA CHERAS, 43200 CHERAS, SELANGOR
20-06-2018
Total: 9.60"
data/raw/img\571.jpg,"MIZU MENTAI SDN. BHD.
NO: 1-1&2 GROUND FLOOR, JLN TEMENGGUNG 13/9, 43200 CHERAS SELANGOR.
04-06-2018
Total: 68.00"
data/raw/img\572.jpg,"MR. D.I.Y. (KUCHAI) SDN BHD
LOT 1851-A & 1851-B, JALAN KPB 6, KAWASAN PERINDUSTRIAN BALAKONG, 43300 SERI KEMBANGAN, SELANGOR
15-06-18
Total: 8.95"
data/raw/img\573.jpg,"MR. D.I.Y. (KUCHAI) SDN BHD
LOT 1851-A & 1851-B, JALAN KPB 6, KAWASAN PERINDUSTRIAN BALAKONG, 43300 SERI KEMBANGAN, SELANGOR
30-06-18
Total: 27.25"
data/raw/img\574.jpg,"99 SPEED MART S/B
LOT P.T. 2811, JALAN ANGSA, TAMAN BERKELEY 41150 KLANG, SELANGOR 1237-TMN INDAH PERDANA
02-05-18
Total: 23.60"
data/raw/img\575.jpg,"99 SPEED MART S/B
LOT P.T. 2811, JALAN ANGSA, TAMAN BERKELEY 41150 KLANG, SELANGOR 1237-TMN INDAH PERDANA
05-05-18
Total: 137.15"
data/raw/img\576.jpg,"99 SPEED MART S/B
LOT P.T. 2811, JALAN ANGSA, TAMAN BERKELEY 41150 KLANG, SELANGOR 1237-TMN INDAH PERDANA
13-05-18
Total: 22.90"
data/raw/img\577.jpg,"99 SPEED MART S/B
LOT P.T. 2811, JALAN ANGSA, TAMAN BERKELEY 41150 KLANG, SELANGOR 1237-TMN INDAH PERDANA
04-06-18
Total: 23.40"
data/raw/img\578.jpg,"99 SPEED MART S/B
LOT P.T. 2811, JALAN ANGSA, TAMAN BERKELEY 41150 KLANG, SELANGOR 1237-TMN INDAH PERDANA
04-06-18
Total: 20.90"
data/raw/img\579.jpg,"MR. D.I.Y. (KUCHAI) SDN BHD
LOT 1851-A & 1851-B, JALAN KPB 6, KAWASAN PERINDUSTRIAN BALAKONG, 43300 SERI KEMBANGAN, SELANGOR
11-06-18
Total: 11.25"
data/raw/img\580.jpg,"MR. D.I.Y. (KUCHAI) SDN BHD
LOT 1851-A & 1851-B, JALAN KPB 6, KAWASAN PERINDUSTRIAN BALAKONG, KAWASAN PERINDUSTRIAN BALAKONG, 43300 SERI KEMBANGAN, SELANGOR
25-06-18
Total: 17.45"
data/raw/img\581.jpg,"FILL IN ENTERPRISE
LOT 2407, JALAN DUA 52100 KEPONG BARU, KL
03/06/18
Total: 100.00"
data/raw/img\582.jpg,"C W KHOO HARDWARE SDN BHD
NO.50, JALAN PBS 14/11, KAWASAN PERINDUSTRIAN BUKIT SERDANG,
04-05-18
Total: 19.00"
data/raw/img\583.jpg,"DION REALTIES SDN BHD
MENARA DION #02-03, LEVEL 2, 27, JALAN SULTAN ISMAIL, 50250 KUALA LUMPUR.
30/05/18
Total: 5.00"
data/raw/img\584.jpg,"DION REALTIES SDN BHD
MENARA DION #02-03, LEVEL 2, 27, JALAN SULTAN ISMAIL, 50250 KUALA LUMPUR.
28/05/18
Total: 5.00"
data/raw/img\585.jpg,"SANJUNG REALITI SDN. BHD.
CAR PARK OFFICE, BASEMENT 1, LABUHRAYA SPRINT, PJU6A, 47400 PETALING JAYA, SELANGOR
27/06/18
Total: 1.50"
data/raw/img\586.jpg,"C W KHOO HARDWARE SDN BHD
NO.50 , JALAN PBS 14/11 , KAWASAN PERINDUSTRIAN BUKIT SERDANG,
11/06/2018
Total: 48.00"
data/raw/img\587.jpg,"DION REALTIES SDN BHD
MENARA DION #02-03, LEVEL 2, 27, JALAN SULTAN ISMAIL, 50250 KUALA LUMPUR.
25/06/18
Total: 5.00"
data/raw/img\588.jpg,"MR. D.I.Y. (M) SDN BHD
LOT 1851-A & 1851-B, JALAN KP3 6, KAWASAN PERINDUSTRIAN BALAKONG, 43300 SERI KEMBANGAN, SELANGOR
17-06-18
Total: 8.10"
data/raw/img\589.jpg,"MYNEWS RETAIL SB
OASIS VILLAGE LOUNGE 2, GROUND FLOOR, OASIS VILLAGE,NO 2, JALAN PJU 1A/7A, OASIS SQUARE,OASIS DAMANSARA., 47301, PETALING JAYA,SELANGOR
29/06/2018
Total: 7.70"
data/raw/img\590.jpg,"OGN GROUP SDN BHD
NO.29M, JALAN DINAR G U3/G, SEKSYEN U3, SUBANG PERDANA, 40150 SHAH ALAM
17/06/2018
Total: 28.30"
data/raw/img\591.jpg,"OGN GROUP SDN BHD
NO.29M, JALAN DINAR G U3/G, SEKSYEN U3, SUBANG PERDANA, 40150 SHAH ALAM
24/06/2018
Total: 52.40"
data/raw/img\592.jpg,"PANDAH INDAH PULAU KETAM RESTAURANT
M4-A-8, JALAN PANDAH INDAH 4/1A, PANDAH INDAH, 55100 KUALA LUMPUR.
30-04-2018
Total: 93.00"
data/raw/img\593.jpg,"RESTAURANT JIAWEI JIAWEI HOUSE
13, JLN TASIK UTAMA 8 MEDAN NIAGA DAMAI SG BESI 57000 KL
11/5/2018
Total: 27.00"
data/raw/img\594.jpg,"99 SPEED MART S/B
LOT P.T. 2811, JALAN ANGSA, TAMAN BERKELEY 41150 KLANG, SELANGOR 1249-TMN PANDAN CAHAYA
03-05-18
Total: 19.90"
data/raw/img\595.jpg,"ONE ONE THREE SEAFOOD RESTAURANT SDN BHD
NO.1, TAMAN SRI DENGKIL, JALAN AIR HITAM 43800 DENGKIL, SELANGOR.
28-04-2018
Total: 65.70"
data/raw/img\596.jpg,"ONE ONE THREE SEAFOOD RESTAURANT SDN BHD
NO. 1, TAMAN SRI DENGKIL, JALAN AIR HITAM 43800 DENGKIL, SELANGOR.
05-06-2018
Total: 52.00"
data/raw/img\597.jpg,"ONE ONE THREE SEAFOOD RESTAURANT SDN BHD
NO. 1, TAMAN SRI DENGKIL, JALAN AIR HITAM 43800 DENGKIL, SELANGOR.
22-05-2018
Total: 71.00"
data/raw/img\598.jpg,"ONE ONE THREE SEAFOOD RESTAURANT SDN BHD
NO. 1, TAMAN SRI DENGKIL, JALAN AIR HITAM 43800 DENGKIL, SELANGOR.
28-05-2018
Total: 112.35"
data/raw/img\599.jpg,"ONE ONE THREE SEAFOOD RESTAURANT SDN BHD
NO. 1, TAMAN SRI DENGKIL, JALAN AIR HITAM 43800 DENGKIL, SELANGOR.
19-05-2018
Total: 42.40"
data/raw/img\600.jpg,"MEGAH RETAIL SDN BHD
3-7, GROUND FLOOR, JLN PURTA DENGKIL 1 TMN PUTRA DENGKIL 43800 DENGKIL, SELANGOR DARUL EHSAN
09/05/2018
Total: 4.70"
data/raw/img\601.jpg,"99 SPEED MART S/B
LOT P.T. 2811, JALAN ANGSA, TAMAN BERKELEY 41150 KLANG, SELANGOR 1225-DENGKIL
28-01-18
Total: 27.90"
data/raw/img\602.jpg,"KEDAI PAPAN YEW CHUAN
LOT 276 JALAN BANTING 43800 DENGKIL, SELANGOR
20/04/2018
Total: 87.45"
data/raw/img\603.jpg,"KEDAI PAPAN YEW CHUAN
LOT 276 JALAN BANTING 43800 DENGKIL, SELANGOR
17/04/2018
Total: 190.80"
data/raw/img\604.jpg,"KEDAI PAPAN YEW CHUAN
LOT 276 JALAN BANTING 43800 DENGKIL, SELANGOR
26/05/2018
Total: 121.90"
data/raw/img\605.jpg,"KEDAI PAPAN YEW CHUAN
LOT 276 JALAN BANTING 43800 DENGKIL, SELANGOR
03/05/2018
Total: 178.08"
data/raw/img\606.jpg,"KEDAI PAPAN YEW CHUAN
LOT 276 JALAN BANTING 43800 DENGKIL, SELANGOR
02/05/2018
Total: 361.46"
data/raw/img\607.jpg,"KEDAI PAPAN YEW CHUAN
LOT 276 JALAN BANTING 43800 DENGKIL, SELANGOR
30/04/2018
Total: 404.39"
data/raw/img\608.jpg,"KEDAI PAPAN YEW CHUAN
LOT 276 JALAN BANTING 43800 DENGKIL, SELANGOR.
23/05/2018
Total: 162.71"
data/raw/img\609.jpg,"KEDAI PAPAN YEW CHUAN
LOT 276 JALAN BANTING 43800 DENGKIL, SELANGOR
11/05/2018
Total: 68.90"
data/raw/img\610.jpg,"GH DISTRIBUTOR & MARKETING SDN BHD
216, MACALISTER ROAD, 10400 PENANG, 10400 PENANG.
20/06/2018
Total: 85.20"
data/raw/img\611.jpg,"AMTECH ELECTRICAL SUPPLIES
107,JALAN BANDAR RAWANG 2, PUSAT BANDAR RAWANG, 48000 RAWANG,SELANGOR D E
27/06/18
Total: 136.00"
data/raw/img\612.jpg,"KT WONG TRADING
22, JALAN PERINDUSTRIAN HIJAU 5, TAMAN PERINDUSTRIAN HIJAU,
09/06/2018
Total: 489.30"
data/raw/img\613.jpg,"POPULAR BOOK CO. (M) SDN BHD
NO 8, JALAN 7/118B, DESA TUN RAZAK 56000 KUALA LUMPUR, MALAYSIA
03/04/18
Total: 7.30"
data/raw/img\614.jpg,"OCEAN LC PACKAGING ENTERPRISE
41-1, JLN RADIN ANUM 2, SRI PETALING, 57000 KUALA LUMPUR.
27/06/2018
Total: RM152.00"
data/raw/img\615.jpg,"MR. D.I.Y. (M) SDN BHD
LOT 1851-A & 1851-B, JALAN KPB 6, KAWASAN PERINDUSTRIAN BALAKONG, 43300 SERI KEMBANGAN, SELANGOR
15-07-18
Total: 7.15"
data/raw/img\616.jpg,"PASAR RAYA MEGA MAJU (SEMENYIH) SDN BHD
NO 24, 25 & 26, JALAN PUSAT PERNIAGAAN BUNGA RAYA 4, PUSAT PERNIAGAAN BUNGA RAYA,
03/07/2018
Total: 30.45"
data/raw/img\617.jpg,"ONE ONE THREE SEAFOOD RESTAURANT SDN BHD
NO. 1, TAMAN SRI DENGKIL, JALAN AIR HITAM 43800 DENGKIL, SELANGOR.
14-06-2018
Total: 59.00"
data/raw/img\618.jpg,"ONE ONE THREE SEAFOOD RESTAURANT SDN BHD
NO.1, TAMAN SRI DENGKIL, JALAN AIR HITAM 43800 DENGKIL, SELANGOR.
13-06-2018
Total: 35.00"
data/raw/img\619.jpg,"ONE ONE THREE SEAFOOD RESTAURANT SDN BHD
NO.1, TAMAN SRI DENGKIL, JALAN AIR HITAM 43800 DENGKIL, SELANGOR.
30-05-2018
Total: 87.45"
data/raw/img\620.jpg,"ONE ONE THREE SEAFOOD RESTAURANT SDN BHD
NO.1, TAMAN SRI DENGKIL, JALAN AIR HITAM 43800 DENGKIL, SELANGOR.
17-06-2018
Total: 58.00"
data/raw/img\621.jpg,"ONE ONE THREE SEAFOOD RESTAURANT SDN BHD
NO.1, TAMAN SRI DENGKIL, JALAN AIR HITAM 43800 DENGKIL, SELANGOR.
15-06-2018
Total: 148.50"
data/raw/img\622.jpg,"ONE ONE THREE SEAFOOD RESTAURANT SDN BHD
NO. 1, TAMAN SRI DENGKIL, JALAN AIR HITAM 43800 DENGKIL, SELANGOR.
20-06-2018
Total: 38.00"
data/raw/img\623.jpg,"ONE ONE THREE SEAFOOD RESTAURANT SDN BHD
NO.1, TAMAN SRI DENGKIL, JALAN AIR HITAM 43800 DENGKIL, SELANGOR.
23-06-2018
Total: 179.50"
data/raw/img\624.jpg,"GL HANDICRAFT & TAIL ORING
19, JALAN KANCIL, OFF JALAN PUDU, 55100 KUALA LUMPUR MALAYSIA
20/03/2018
Total: 102.00"
data/raw/img\625.jpg,"LIAN HING STATIONERY SDN BHD
NO.32 & 33, JALAN SR 1/9, SEKSYEN 9, TAMAN SERDANG RAYA, 43300 SERI KEMBANGAN, SELANGOR DARUL EHSAN
27/03/2018
Total: 12.00"
